"category","title","author","postTime","chgTime","contents"
"과학","'2019 바이오 페스티벌' 9월 3∼4일 청주 오송에서 열려","연합뉴스네이버","2019.07.30. 오후 3:21","2019.07.30. 오후 3:21","// flash 오류를 우회하기 위한 함수 추가function _flash_removeCallback() {}(청주=연합뉴스) 심규석 기자 = '2019 바이오 페스티벌'이 오는 9월 3∼4일과 10월 26일 청주 오송 C&V센터에서 열린다.[연합뉴스 자료사진]    충북도와 오송첨단의료산업진흥재단이 공동 주최하는 이 페스티벌에서는 '바이오의약 : 발견에서 개발로'라는 주제로 '바이오 엑셀런스 & 바이오 심포지엄'이 열린다.    바이오 관련 예비 창업자나 관계기관 근무자들을 대상으로 한 '취·창업 콘서트'도 예정돼 있다.    충북산학융합본부가 주관하는 '바이오&제약 취업 콘서트'에서는 제약업무설명회와 1대 1 상담 등이 이어진다.    바이오 페스티벌 참가 희망자는 다음 달 1일부터 오송바이오진흥재단 홈페이지(http://www.osong-bio.kr)에서 프로그램별로 사전 등록할 수 있다.    10월 26일에는 같은 장소에서 초·중·고등학생 160팀(320여명)이 참가하는 국제바이오·의과학실험경연대회가 열린다.    ks@yna.co.kr▶확 달라진 연합뉴스 웹을 만나보세요▶네이버 [연합뉴스] 채널 구독   ▶뭐 하고 놀까? #흥"
"과학","과학기술 한계 극복의 길을 여는 양자컴퓨터","파이낸셜뉴스네이버","2019.07.30. 오후 3:07","2019.07.30. 오후 3:07","// flash 오류를 우회하기 위한 함수 추가function _flash_removeCallback() {}KISTI,양자컴퓨터R&D현황과정책리포트발간 한국과학기술정보연구원(KISTI)은 양자컴퓨터 연구개발에 대한 국가차원의 대응이 필요하다는 인식에 따라 양자컴퓨터의 개념과 국내외 최신의 정책 및 기술동향을 소개하고 향후 발전 방향을 제시한 'KISTI 이슈브리프'를 발간했다.  오늘날 경제사회 구조가 복잡해지고 과학기술이 발전함에 따라 해결이 매우 어려운 문제들이 발생하고 있고, 기존의 디지털 컴퓨터의 한계로 인해 풀 수 없는 문제의 등장으로 새로운 해결의 돌파구가 필요한 상황이 도래했다.  1982년 미국 이론물리학자 리처드 파인만 교수는 양자 세계의 이해를 위해 양자원리로 구동되는 양자컴퓨터 개념을 제안하게 됐다.  파인만 교수의 개념은 1985년 영국 물리학자 데이비드 도이치 교수의 양자 알고리즘으로 구동 가능성이 검증되었고 1994년 미국 벨연구소 피터 쇼의 양자컴퓨터 기반의 암호해독 알고리즘으로 폭발적인 관심을 불러일으켰다.  양자컴퓨터는 기존 디지털 컴퓨터보다 매우 빠르게 계산을 수행하기 때문에 계산의 제약으로 인해 풀 수 없었던 문제에 대한 해결 대안으로 급부상하게 되었다.  아울러 양자컴퓨터는 기존의 디지털 컴퓨터를 뛰어넘는 성능을 보일 것으로 기대하고 있으며 현대 사회의 다양한 난제들에 대한 충분한 이해와 해결이 가능할 것으로 전망된다. 양자컴퓨터는, 특정 문제에 대하여, 오늘날뿐만 아니라 미래의 슈퍼컴퓨터들 중 가장 성능이 뛰어난 것조차도 능가할 것으로 기대되고 있다.  또 양자컴퓨터는 기존 컴퓨터 대비 월등한 연산속도를 기반으로 기존 과학기술 분야 및 산업 등에 커다란 영향을 미칠 것으로 전문가들은 진단하고 있다..  과학기술 난제 해결, 신산업 응용, 양자 인공지능 등 양자컴퓨터 기술을 인공지능 알고리즘에 적용하는 등 응용연구 분야가 활발하다.  세계 주요 선진국은 양자컴퓨터의 엄청난 기능과 영향력을 의식하여, 해당 분야 주도권을 확보하고자 막대한 연구개발 예산을 투자하고 국가적 차원의 양자컴퓨팅 연구개발 육성 정책을 수립 추진하고 있다.   seokjang@fnnews.com 조석장 기자   ▶ 헉! 소리나는 스!토리 뉴스 [헉스]▶ 클릭해, 뉴스 들어간다 [뉴스쿨] ▶ 세상에 이런일이 [fn파스]  ※ 저작권자 ⓒ 파이낸셜뉴스. 무단 전재-재배포 금지"
"과학","울산과기원, 극소량 에너지로 수소 만드는 고효율 촉매 개발","연합뉴스네이버","2019.07.30. 오후 3:03","2019.07.30. 오후 3:03","// flash 오류를 우회하기 위한 함수 추가function _flash_removeCallback() {}김광수 교수팀, 백금보다 성능·안전성 우수한 촉매 합성 탁월한 성능과 안정성을 지닌 물 분해 전극 촉매 물질을 개발한 김광수 울산과학기술원(UNIST) 특훈교수(오른쪽에서 네 번째)와 연구원들. [울산과학기술원 제공. 재판매 및 DB 금지]    (울산=연합뉴스) 허광무 기자 = 울산과학기술원(UNIST) 연구진이 미래 청정 에너지원으로 주목받는 수소를 극소량 에너지만으로 만들 수 있는 고효율 촉매를 개발했다.    김광수 자연과학부 화학과 특훈교수팀은 상업적으로 쓰이는 백금 촉매보다 탁월한 물 분해 전극 촉매 물질을 개발하는데 성공했다고 30일 밝혔다.    현재 백금 기반 촉매는 물을 전기로 분해해 수소를 생산할 때 가장 효율적인 촉매다.     다만 백금이 고가인 데다 희귀한 물질이어서, 이를 대체할 수 있는 물질 개발이 꾸준히 진행됐다.    그러나 지금까지 보고된 촉매 효율은 백금과 비슷한 수준인 데다, 산성이나 염기성 매질 중 한쪽에서 성능이 저하되거나 내구성이 낮은 문제가 있었다.    김 교수팀은 수소 발생 반응을 활성화하는 능력이 탁월하면서도, 산성과 염기성 용액 양쪽에서 내구성이 높은 루테늄(Ru) 기반 촉매 구조를 개발했다.    이는 질소를 도핑(결정의 물성을 변화시키고자 소량의 불순물을 첨가하는 공정)한 그래핀 결함 자리에 '루테늄 단일원자'와 '질화(질소가 새로운 원소와 결합해 화합물을 생성하는 과정)된 루테늄 나노입자'들이 혼성된 새로운 촉매다.    새로 개발된 촉매는 산·염기성 매질에서 상업용 백금 촉매를 포함해 지금까지 알려진 전극 촉매 중에서 가장 낮은 7㎷의 과전압(전해 과정에서 이론적으로 주어지는 분해전압과 실제로 전극 간에 주어지는 전압의 차이)을 기록했다.    과전압이 낮을수록 수소 생성에 드는 에너지 소비가 적은 효율적인 촉매가 된다.    또 이 촉매는 효율을 나타내는 지표 중 하나인 패러데이 효율(반응을 일으키는 데 사용되는 전류를 100으로 두고, 원하는 반응에 사용된 전류가 그중 얼마인지 측정한 것)이 100%에 가까웠다.    김 교수는 ""새로 개발한 촉매는 산성과 염기성 용액에서 백금 촉매를 능가하는 성능과 안정성을 보였다""면서 ""액체 추진 로켓이나 선박 등 다양한 환경에서 수소 발생 반응을 촉진하는 촉매로 사용할 수 있을 것""이라고 밝혔다.    이번 연구는 에너지 분야 국제학술지 어드밴스드 에너지 머티리얼즈(Advanced Energy Materials) 7월호 표지 논문으로 게재됐다.    hkm@yna.co.kr▶확 달라진 연합뉴스 웹을 만나보세요▶네이버 [연합뉴스] 채널 구독   ▶뭐 하고 놀까? #흥"
"과학","[아하! 우주] 지구에서 73광년…슈퍼지구와 미니 해왕성 발견","서울신문네이버","2019.07.30. 오후 2:56","2019.07.30. 오후 2:56","// flash 오류를 우회하기 위한 함수 추가function _flash_removeCallback() {}[서울신문 나우뉴스]지구에서 73광년…슈퍼지구와 미니 해왕성 발견(사진=NASA)지구에서 약 73광년 떨어진 항성 주위에서 외계행성 세 개가 발견됐다. 이들 행성은 먼지와 가스가 뭉쳐 행성을 형성하는 모형에서 ‘잃어버린 고리’일 수 있어 학계의 관심이 집중되고 있다.미국 매사추세츠공대(MIT) 등 국제 연구진이 미 항공우주국(NASA) 우주망원경 ‘테스’(TESS)를 사용해 적색왜성(M형 주계열성) ‘TOI-270’ 주위에서 슈퍼지구 1개와 미니 해왕성 2개를 발견했다고 세계적 학술지 네이처 자매지 ‘네이처 아스트로노미’(Nature Astronomy) 최신호(29일자)에 발표했다.지난 3월 화가자리에 있는 이 항성에서 가장 가까운 약 450만㎞(약 0.03AU) 떨어진 곳에서 발견된 슈퍼지구 ‘b 행성’(TOI-270 b)은 지름이 지구보다 약 1.2배 더 크다. 슈퍼지구는 지구보다 크지만 그 지름이 지구의 1.75배 이하이고 질량은 2~10배 정도인 암석형 행성을 말한다.이 행성의 공전 주기는 3.4일로 항성과 바짝 붙어있어, 지구형 행성이지만 평균 온도가 약 254°C에 달해 생명체가 도저히 살 수 없는 곳으로 추정된다.또 이 항성에서 750만㎞(약 0.05AU) 떨어진 첫 번째 미니 해왕성 ‘c 행성’(TOI-270 c)의 지름은 지구의 약 2.4배로 세 행성 중 가장 크다. 미니 해왕성은 지구 지름의 2~3.5배 사이의 행성으로 표면에 수소와 헬륨으로 된 기체를 지닌 가스형 행성이다. 이들은 해왕성이나 천왕성 같은 행성이지만, 기체가 적은 형태의 행성으로 추정된다. 공전 주기는 약 5.7일, 평균 온도는 약 150°C에 달한다.두 번째 미니 해왕성 ‘d 행성’(TOI-270 d)은 모성에서 약 1100만㎞(약 0.07AU) 거리에 있으며 그 지름은 지구의 약 2.1배다. 공전 주기는 약 11.4일이며 평균 온도는 약 66°C다.이에 대해 연구를 이끈 MIT 천체물리학자 막시밀리안 귄터 박사는 “항성 TOI-270은 곧 지구형 행성과 가스가 좀더 우세한 미니 해왕성 사이의 잃어버린 고리를 연구할 수 있게 해줄 것”이라면서 “왜냐하면 이 항성계에서는 이 모든 형태의 행성들이 같은 시스템(항성계)에서 형성됐기 때문”이라고 설명했다.이는 태양계에 이들 행성처럼 지구와 해왕성 크기 사이에 속하는 행성이 없어 행성 행성의 비밀을 밝히는 데 도움이 된다는 얘기다.따라서 연구진은 슈퍼지구와 두 미니 해왕성의 형성 경로가 같은지 아니면 다른지를 확인할 수 있기를 기대한다.이런 세 행성이 발견된 항성 TOI-270의 이름은 지난해 4월 발사된 뒤 관측 임무를 수행하고 있는 TESS가 발견한 천체들 가운데 행성을 거느릴 가능성이 높은 관심 천체(OI·Object of Interest) 중 270번째(270)라는 뜻에서 이런 약칭이 붙었다.또한 연구진은 이 항성계 안에 더 많은 행성들이 숨겨져 있을 가능성이 높다고 추정한다. 그중 일부 행성은 생명체 거주 가능 공간에 있을지도 모른다.귄터 박사는 “TOI-270은 외계행성 과학을 위한 진정한 디즈니랜드이자 TESS가 발견한 가장 중요한 항성계 중 하나”라면서 “이는 하나가 아닌 여러 이유로 뛰어난 실험실로 정말 사람들이 좋아할 요소를 다 갖췄다”고 말했다.연구진은 앞으로 TESS보다 적외선 분해능이 뛰어난 차세대 제임스 웹 우주망원경(JWST)이 배치되면 TOI-270에 관한 더 자세한 관측 연구에 집중할 계획이다.TESS(사진=NASA)한편 TESS는 ‘천체면통과 외계행성 탐색 위성’(Transiting Exoplanet Survey Satellite)의 약자로 지난해 11월 퇴역한 케플러 우주망원경의 후임으로 그해 4월 발사됐다. TESS는 2년 동안 슈퍼지구를 포함해 1500개의 외계행성 후보 물질을 분류하는 임무를 수행한다.윤태희 기자 th20022@seoul.co.kr★ [나우뉴스에서 '일본 통신원'을 모집합니다] ▶ [네이버에서 서울신문 구독] [우주 소식 네이버 밴드로 보세요!]ⓒ 서울신문(www.seoul.co.kr), 무단전재 및 재배포금지"
"과학","GC녹십자, 2분기 영업이익 196억원…전년 동기 대비 47.5%↑","조선비즈네이버","2019.07.30. 오후 2:51","2019.07.30. 오후 2:51","// flash 오류를 우회하기 위한 함수 추가function _flash_removeCallback() {}GC녹십자는 지난 2분기 연결 기준으로 매출 3596억원, 영업이익 196억원의 실적을 기록했다고 30일 밝혔다.  전년 동기 대비 매출과 영업이익이 각각 5.2%와 47.5% 늘었다. 다만 같은 기간 당기순이익은 적자로 전환한 150억원 손실을 기록했다.  당기순손실이 적자 전환했다. GC녹십자 측은 ""영업 외 항목에 금융 자산 평가손실, 연결 계열사의 과징금 등 일회성 손실이 반영된 영향""이라고 설명했다. GC녹십자의 별도 기준 매출 성장률은 4.1%를 기록했다. 해외 매출의 경우 전년 대비 15.7% 증가했다. 백신 부문은 독감백신의 남반구 수출 호조로 매출 규모가 6.5% 증가했고, 혈액제제 부문은 알부민의 중국 수출이 확대됨에 따라 31.1%의 높은 성장세를 나타냈다.   연결 대상 계열사도 외형 성장을 이어갔다. GC녹십자엠에스는 지난 2분기 매출이 전년 동기 대비 6.6% 오른 249억원을 기록했다. GC녹십자랩셀은 매출 성장세를 지속했다. 2분기 매출은 검체검진서비스 분야의 지속적인 성장로 인해 전년 동기 대비 13.4% 증가한 150억원을 기록했다. 같은 기간 연구개발 비용은 전년 동기 대비 83.2% 증가하면서 수익성은 다소 둔화됐다. GC녹십자 관계자는 ""하반기에도 사업 성장을 위한 투자와 경영 효율화를 지속해갈 것""이라고 말했다.경기도 용인 기흥에 위치한 녹십자 본사. /조선DB[장윤서 기자 panda@chosunbiz.com]chosunbiz.com"
"과학","극소량 전기로 수소 생산하는 ‘루테늄’ 촉매 개발…“백금보다 효율 우수”","조선비즈네이버","2019.07.30. 오후 2:51","2019.07.30. 오후 2:51","// flash 오류를 우회하기 위한 함수 추가function _flash_removeCallback() {}국내 연구진이 이론상 필요한 최소한의 전기 에너지만으로 물을 분해해 수소를 생산하는 새로운 촉매를 개발했다. 이 촉매는 현재 수소 생산에 사용하는 백금 기반 촉매보다 효율이 높고 내구성이 높아 산업적 활용도가 높다.30일 울산과학기술원에 따르면 김광수 자연과학부 화학과 특훈교수가 이끄는 국내 연구팀은 최근 슈퍼컴퓨터를 활용해 백금 촉매보다 뛰어난 물 분해 전극 촉매물질을 만드는데 성공했다.원형의 탄소구(Fullerene)에 갇힌 질화(nitridation)된 루테륨(RuNx)과 질소가 도핑된 그래핀에 위치한 루테륨 단원자로 이루어진 촉매 모식도. /울산과학기술원 제공이번에 개발된 촉매의 가장 큰 특징은 이론상 필요한 촉매 활성도에 가장 근접한 값을 구현했다는 점이다. 슈퍼컴퓨터의 이론적 계산 결과 ‘루테늄(Ru)’ 원자 1개는 평면상에서 ‘질소(N)’ 원자 2개와 ‘탄소(C)’ 원자 2개를 이웃으로 둘 때(Ru-N₂C₂) 촉매 활성도가 높아진다.연구팀은 이러한 점을 활용해 질소를 첨가한 그래핀에 ‘루테늄(Ru)’ 단일원자와 질화된 루테늄 나노입자들이 혼성된 새로운 촉매를 만들었다. 또 공 모양의 탄소구조체가 루테늄 기반 촉매를 감싼 형태로 안정성도 더했다.실제 과전압 실험 결과, 이 루테늄 기반 촉매는 기존 백금 촉매보다 효율이 높았다. 과전압은 전기로 물을 분해하는 과정에서 이론적으로 주어지는 분해전압과 실제 전극간 주어지는 전압간의 차이다. 이 과전압이 작을수록 이론값에 근접하다.루테늄 기반 촉매는 산·염기성 매질에서 상업용 백금 촉매(Pt/C)를 포함한 알려진 전극 촉매 중 가장 낮은 7 ㎷의 과전압을 기록했다. 이는 루테늄이 수소 흡-탈착 시 필요한 에너지가 ‘0’에 가깝고 전기 전도가 빠르게 일어나도록 구조를 설계했기 때문이다.또 촉매 효율을 나타내는 지표 중 하나인 ‘패러데이 효율’이 100%에 가까워 최소한의 전기 에너지로 수소 생산이 가능한 것으로 나타났다. 루테늄 기반 촉매는 산(0.1M-HClO4)성 매질에서 1.50V, 염기(1M-KOH)성 매질에서 1.40 V 전압으로 수소를 생산했다. 산업용으로 쓸 수 있는 수치다.이에 따라 루테늄 기반 촉매는 상업적으로 사용되는 비싼 백금 기반의 촉매를 대신해 실제 수소 연료 생산에 사용될 수 있을 것으로 보인다. 산도에 영향을 덜 받는 만큼 액체 추진 로켓, 자동차, 보트 및 항공기의 어플리케이션, 휴대형 또는 고정식 연료 전지 등 다양한 분야에 응용이 가능하다.김광수 교수는 ""새로 개발된 촉매는 산성과 염기성 용역에서 백금 촉매를 능가하는 우수한 성능과 안정성을 보였다""며 ""액체 추진 로켓이나 선박 등 다양한 환경에서 수소발생반응을 촉진하는 촉매로 사용 가능할 것"" 이라고 밝혔다.한편 이 연구는 에너지 분야의 권위 있는 학술지인 ‘어드밴스드 에너지 머티리얼스(Advanced Energy Materials)’의 7월호 표지로 실렸다.[김태환 기자 topen@chosunbiz.com]chosunbiz.com"
"과학","무늬만 소재부품 사업 솎아낸다...과기혁신본부, 전문가 사전 검토 실시","전자신문네이버","2019.07.30. 오후 2:48","2019.07.30. 오후 3:03","// flash 오류를 우회하기 위한 함수 추가function _flash_removeCallback() {}정부가 국가과학기술자문회의 내년 국가 연구개발(R&D) 신규 사업 심의에 앞서 소재부품 R&D에 대한 사전 자문·검토 절차를 갖는다. 과기자문회의 심의와 별도로 타당성 여부를 검토하는 것은 이례적이다. 일본의 대 한국 수출 규제에 대응하기 위해 소재부품 R&D 예산을 대폭 늘리되 개연성이 떨어지는 사업을 솎아내 효율성을 높이기 위해서다30일 관가에 따르면 과학기술정보통신부 과기혁신본부는 내년 국가 R&D 예산에 반영할 소재부품 신규 사업에 대한 자문, 검토 전문가단을 최근 구성했다.과기혁신본부는 기획재정부로부터 신규 R&D 사업 수요를 넘겨받는 대로 다음 달 안에 전문가 검증을 실시할 예정이다. 과기자문회의 전문위원 심의 절차가 있지만 이에 앞서 사업 반영 여부, 예산 규모 적정성 등을 먼저 들여다본다. 통상 R&D 사업은 과기자문회의 전문위원심의만 받았다.과기혁신본부가 소재부품 신규 R&D 사업 심의를 강화하는 것은 내년 예산에 새로운 연구과제가 대거 추가될 가능성이 높기 때문이다.최근 일본 수출 규제 조치로 소재부품 자립 필요성이 높아짐에 따라 기재부는 신규 R&D 사업 편성에서 소재부품 사업에 우선순위를 뒀다. 기존 소재부품 사업 예산을 늘리면서 부처별 신규 사업 수요를 최대한 예산에 반영하기로 했다.우리 소재부품 기술력 강화를 위해 시급한 R&D 사업이 대거 반영되지만 이른바 '무늬만 소재부품' 사업도 포함될 수 있다는 우려가 따른다.과기혁신본부는 시의성에 중점을 두고 소재부품 R&D 사업 투자를 늘리되 필요성이 낮은 사업은 철저하게 검토해 걸러낼 방침이다. 8월 중 정부 예산안이 국회로 넘어가야 하기 때문에 단기간 최대한 전문성을 발휘하기 위해 심의 절차를 강화한 측면도 있다.과기혁신본부 관계자는 “한정된 재원을 최대한 효과적으로 배분하기 위해선 선택과 집중 관점에서 예산을 심의할 수밖에 없다”면서 “전문성을 강화해 우선순위가 높은 사업에 적정 예산을 배분하고 개연성, 시의성이 떨어지는 사업은 배제하기 위한 조치”라고 설명했다.이 관계자는 “소재부품 R&D 사업을 면밀히 들여다 본 뒤 개선방안을 도출해 향후 다른 분야 사업에도 이 같은 과정을 도입할지 등을 논의할 계획”이라면서 “R&D 배분·조정, 심의 과정 전반을 지속 개선하겠다”고 말했다.국가 R&D 예산안은 지난달 말 과기자문회의에서 의결돼 기재부로 보내졌다. 기재부가 재정 상황, 신규 R&D 수요 등을 감안해 예산안을 조정해 8월 국회에 정부 예산안을 제출한다. 신규 반영한 R&D 사업은 과기자문회의 심의를 추가로 받는다.최호 정책기자 snoop@etnews.com▶ 네이버 모바일에서 [전자신문] 채널 구독하기▶ 전자신문 바로가기 [Copyright ⓒ 전자신문 & 전자신문인터넷, 무단전재 및 재배포 금지]"
"과학","STEPI, 개도국에 과학기술혁신정책 노하우 전수","파이낸셜뉴스네이버","2019.07.30. 오후 2:48","2019.07.30. 오후 2:48","// flash 오류를 우회하기 위한 함수 추가function _flash_removeCallback() {}21일간6개국참여,'과학기술단지정책및기술이전사업화'과정연수                                   아시아, 아프리카 및 남미지역 개도국 정부의 과학기술혁신정책 역량강화를 위한 초청연수가 시작됐다.  과학기술정책연구원(STEPI)은 7월 29일 튀니지, 팔레스타인, 아제르바이잔, 엘살바도르, 라오스, 아프가니스탄 등 6개국의 과학기술정책 담당 실무급 공무원 등 관련 전문가 20명을 대상으로 한 '과학기술단지정책 및 기술이전사업화' 과정연수의 공식 일정을 시작했다.  STEPI와 한국국제협력단(KOICA)이 공동으로 진행하는 이번 행사는 오는 8월 14일까지 21일간, 참여한 개도국의 사회경제적 발전을 위한 ▲과학기술혁신정책 기획과 개발 ▲기술이전 및 사업화 ▲과학기술단지 운영 등 과학기술 분야 전문가 강의와 ▲산업·문화시찰 ▲실습 ▲멘토링 세션 등 다양한 프로그램을 제공한다.  특히, 한국의 과학기술정책 수립 및 기술이전 관련 실무 경험이 풍부한 전문가를 통해 이론과 함께 구체적인 사례교육이 진행될 예정이며, 국내 전문가들과의 워크숍을 통해 6개 참가국의 기술이전 현황 및 주요 이슈에 대한 심도있는 분석을 바탕으로 기술이전사업화 활성화를 위한 실행계획(Action Plan) 수립을 지원한다.  또 한국과학기술정보연구원(KISTI), 한국과학기술원(KAIST) 등 주요 국책연구소와 대학, 경북테크노파크와 충북테크노파크 등 지역기업 지원 전문기관과 입주기업을 방문하고 향후 개도국과의 협력 기회를 모색하는 자리도 가질 예정이다.  조황희 과학기술정책연구원장은 “이번 초청연수를 통해 참가국이 한국의 과학기술 발전과정과 경험을 흡수하고 과학기술혁신에 있어 정책수립 및 인재개발 역량 확보를 기대한다”며 “연수가 끝나도 선정된 실행계획을 수립과 함께 발전시켜 나갈 수 있도록 관련한 지원 등 국가 간 지속적인 협력 관계를 이어갈 예정”이라고 말했다.  이번 연수는 개도국 정부의 과학기술혁신정책 역량 강화 기여를 통해 향후 우리나라와 개도국의 과학기술 협력 기반 구축을 통한 국내 우수한 과학기술 전문가 및 기업의 해외 진출 지원하고자 2020년까지 진행되는 '과학기술단지정책 및 기술이전사업화'의 1차년도 과정으로 진행된다.   seokjang@fnnews.com 조석장 기자   ▶ 헉! 소리나는 스!토리 뉴스 [헉스]▶ 클릭해, 뉴스 들어간다 [뉴스쿨] ▶ 세상에 이런일이 [fn파스]  ※ 저작권자 ⓒ 파이낸셜뉴스. 무단 전재-재배포 금지"
"과학","독일·일본서 100% 수입 연료전지 소재 국산화 성공","조선비즈네이버","2019.07.30. 오후 2:47","2019.07.30. 오후 2:58","// flash 오류를 우회하기 위한 함수 추가function _flash_removeCallback() {}국내 연구진이 차세대 연료전지로 불리는 ‘음이온 교환막 연료전지’의 핵심소재를 국산화하는데 성공했다. 이번 연구 성과는 국내 기업에 기술 이전돼 연내 상용화될 예정이다.한국화학연구원은 이장용 화학소재연구본부 박사팀이 음이온 교환막 연료전지에 쓰이는 음이온 교환소재(바인더 및 분리막)의 제조 기술을 개발해 국내 기업인 주식회사 SDB에 이전했다고 30일 밝혔다.새롭게 개발된 음이온 교환형 바인더(왼쪽)와 분리막(오른쪽) 사진. /한국화학연구원 제공음이온 교환막 연료전지는 기존 양이온 교환막 연료전지에 비해 제조비용을 크게 낮출 수 있어 전 세계가 주목하고 있는 차세대 연료전지 후보다. 그러나 국내에서 관련 기술을 보유한 기업은 없어 독일 푸마테크와 일본 도쿠야마 등에서 100% 수입한다.화학연 연구팀이 개발한 음이온 교환소재는 ‘전극 바인더’와 ‘분리막’이다. 연료전지에서 바인더는 분말가루 형태의 전극을 단단히 결합시키고 전극층 내부에서 이온이 이동할 수 있는 통로를 형성한다.또 이온교환막이라고도 부르는 분리막은 양극에서 음극으로 음이온(수산화이온)을 선택적으로 이동시키는 통로 역할을 한다. 이 막은 고체 상태의 전해질로 음이온 교환막 연료전지의 핵심소재로 꼽힌다. 이들 소재로 음이온 교환막 연료전지를 만들면 기존 소재보다 성능과 내구성이 우수하다는 장점이 있다. 음이온 교환막 연료전지는 현재 산업계에서 사용 중인 양이온 교환막 연료전지보다 제조비용이 적게 드는 장점이 있었으나 성능과 내구성은 떨어졌다.이번 연구에 따라 음이온 교환소재의 성능과 내구성이 기존보다 좋아졌다. 바인더의 경우 이온전도도는 3배 이상 향상됐고, 화학적 안정성 역시 높아졌다. 그러나 내구성 부분은 아직까지 양이온 교환소재를 완전히 대체할 수 있는 수준은 아니다.이에 따라 이번 음이온 교환막 연료전지는 자동차나 건물용 연료전지를 대체하기보다 상대적으로 이용 빈도가 낮아 높은 내구성을 요구하지 않는 ‘UPS(Un-interrupted Power System&#8231;무정전 전원 공급장치)’에 적용할 수 있을 것으로 보인다.이장용 박사는 ""연료전지 시장에서 소재는 10%를 차지할만큼 중요하다""며 ""SDB와 함께 산업적 파급효과가 큰 음이온 교환소재를 상용화시키고, 가격을 낮추기 위한 원천기술 연구 개발에 힘을 쏟겠다""고 말했다.에너지 조사기관 ‘네비건트 리서치’에 따르면 글로벌 이온 교환막 연료전지 시장규모는 2024년 15조원에 달할 것으로 예상된다. 이온교환소재(바인더 및 분리막) 시장은 전체의 10%인 약 1조5000억원에 이를 것으로 전망된다. [김태환 기자 topen@chosunbiz.com]chosunbiz.com"
"과학","국립해양생물자원관, '박사님과 함께하는 해양생물 톡톡톡' 토크콘서트","파이낸셜뉴스네이버","2019.07.30. 오후 2:42","2019.07.30. 오후 2:42","// flash 오류를 우회하기 위한 함수 추가function _flash_removeCallback() {}바닷물한모금,모래한줌속에서사는플랑크톤의세계                          '제8회 박사님과 함께하는 해양생물 톡톡톡' 포스터         국립해양생물자원관은 씨큐리움 1층 해양생명홀에서 관람객을 대상으로 '제8회 박사님과 함께하는 해양생물 톡톡톡' 토크콘서트를 8월 3일 오후 1시와 3시 2회 진행한다고 밝혔다.  ‘바닷물 한 모금, 모래 한줌 속에 사는 플랑크톤’이라는 주제로 열리는 이번 프로그램은 국립해양생물자원관 분류연구실 김선영 박사의 플랑크톤에 대한 특별한 이야기와 연구성과 등을 토크콘서트 형식으로 진행된다.  특히 바닷물과 모래 속에 있는 살아있는 플랑크톤을 가족이나 친구들과 함께 광학현미경을 통해 직접 관찰할 수 있는 특별체험의 기회가 될 것이다.  참가는 국립해양생물자원관 누리집을 통해 7월 31일까지 20개팀에 한해(1회 10개팀) 진행되며 각 팀당 최소 2인 이상, 최대 4인까지 선착순 예약할 수 있으며, 초등학교 저학년 또는 유아의 경우 보호자와 함께 신청하면 된다.  전시교육실 안용락실장은 “해양생물에 대한 관심과 흥미를 느낄 수 있는 새로운 프로그램을 지속적으로 개발하여 관람객에게 제공해 나가겠다”고 말했다.   seokjang@fnnews.com 조석장 기자   ▶ 헉! 소리나는 스!토리 뉴스 [헉스]▶ 클릭해, 뉴스 들어간다 [뉴스쿨] ▶ 세상에 이런일이 [fn파스]  ※ 저작권자 ⓒ 파이낸셜뉴스. 무단 전재-재배포 금지"
"과학","KAIST, 포도당 기반의 그래핀 양자점 합성 기술 개발","파이낸셜뉴스네이버","2019.07.30. 오후 2:37","2019.07.30. 오후 2:37","// flash 오류를 우회하기 위한 함수 추가function _flash_removeCallback() {}포도당전구체의단결정육각형그래핀양자점합성기술구현                          포도당 반응 중간체로 부터의 단결정 그래핀 양자점의 생성 기작 모식도                                   용액 화학으로 합성된 잘 정렬된 다양한 크기의 단결정 그래핀 양자점         한국과학기술원(KAIST) 생명화학공학과 박오옥 교수 연구팀이 포도당을 기반으로 한 그래핀 양자점의 합성 기술을 개발해, 이를 이용해 안정적인 청색 빛을 내는 그래핀 양자점 발광소자를 제작하는 데 성공했다.  연구팀은 위 그래핀 양자점을 발광체로 응용해 디스플레이를 제작했고, 현 디스플레이 분야의 난제인 청색 발광을 구현하면서 안정적인 전압 범위에서 발광하는 것을 확인했다.  이석환 박사과정이 1 저자로 참여한 이번 연구 결과는 국제 학술지 ‘나노 레터스(Nano Letters)’ 7월 5일 자 온라인판에 게재됐다.  그래핀은 우수한 열, 전기 전도도와 투명도를 가져 차세대 전자재료로 주목받고 있지만, 단층 및 다층 그래핀은 도체의 특성을 가져 반도체로 적용하기 어려운 단점이 있다. 그러나 그래핀을 작은 나노 크기로 줄이게 되면 반도체의 특성인 밴드갭을 가져 발광특성을 보이게 돼 활용할 수 있게 된다. 이를 그래핀 양자점이라 한다.  기존 단결정 그래핀은 구리-니켈 기반 금속 박막 위에 화학 기상 증착법(CVD)을 이용하거나 흑연을 물리·화학적 방법으로 벗겨내는 기술로 만들었다. 물리·화학적 방법으로 제작한 그래핀은 결함이 매우 많아 순수한 단결정의 특성을 가지지 못하는 단점이 있었다.  연구팀이 개발한 그래핀 양자점은 기존과는 매우 다른 우수한 합성 과정을 보였다. 포도당 수용액에 아민과 초산을 일정 비율로 혼합해 반응 중간체를 형성하고 이를 안정적인 용액으로 구현했다.  이후 형성된 중간체의 자가조립을 유도해 단결정의 그래핀 양자점을 용액상으로 합성하는 데 성공했다. 연구팀은 이 과정에서 기존의 복잡한 분리 정제법을 개선한 저온 침전 분리법을 개발했다.  연구팀의 이번 합성 기술은 단일상(single phase) 반응을 통해 균일한 핵 성장(homogeneous nucleation)반응을 최초로 유도했다는 의의가 있다.  박 교수 연구팀은 이번 연구를 통해서 수 나노미터에서 100 나노미터 수준의 단결정 크기를 원하는 대로 조절 가능한 용액상 합성 기술을 개발했다.  박오옥 교수는 “최초로 개발된 단결정 그래핀 양자점 용액 합성법은 그래핀의 다양한 분야 접목에 크게 기여할 것”이라며 “이를 잘 응용하면 유연 디스플레이 또는 베리스터와 같은 반도체 성질을 갖는 그래핀의 역할이 제시될 것”이라고 말했다.  이번 연구는 고려대학교 화공생명공학과 임상혁 교수 연구팀과 공동으로 진행됐으며, 한국과학연구재단의 나노원천 과제, 한국전자통신연구원의 나노물질 기술 연구 과제, KAIST EEWS 과제, 대한민국 정부 BK21+ 사업의 지원을 받아 수행됐다.   seokjang@fnnews.com 조석장 기자   ▶ 헉! 소리나는 스!토리 뉴스 [헉스]▶ 클릭해, 뉴스 들어간다 [뉴스쿨] ▶ 세상에 이런일이 [fn파스]  ※ 저작권자 ⓒ 파이낸셜뉴스. 무단 전재-재배포 금지"
"과학","에너지연 CIGS 박막 태양전지 기술, 과기정통부 장관상 수상","파이낸셜뉴스네이버","2019.07.30. 오후 1:12","2019.07.30. 오후 1:12","// flash 오류를 우회하기 위한 함수 추가function _flash_removeCallback() {}경량·고안정성CIGS박막태양전지의응용성&#8231;효율향상기술개발                          한국에너지기술연구원 윤재호 박사가 '2019 대한민국 기후기술대전' 우수성과 시상식에서 과학기술정보통신부 장관상을 문미옥 차관으로부터 받고 있다.          한국에너지기술연구원(원장 곽병성)이 개발한 ‘폴리머 기판 적용 고효율 플렉서블 CIGS 박막 태양전지 기술’이 '2019 대한민국 기후기술대전' 우수성과 시상식에서 과학기술정보통신부 장관상을 수상했다.  ‘폴리머 기판 적용 고효율 플렉서블 CIGS 박막 태양전지 기술’은 경량의 유연 플라스틱 기판을 활용해 고안정성 CIGS 박막 태양전지의 응용성을 확보하고 광전변환효율을 획기적으로 끌어올린 기술이다. 광전변환효율은 입사되는 태양광 에너지와 태양전지에서 출력되는 전기 에너지의 비를 퍼센트로 표시한 것이다.  구리, 인듐, 갈륨, 셀레늄의 4원소로 구성된 CIGS (CuIn1-xGaxSe2) 화합물은 광흡수계수가 실리콘에 비해 10배 이상 크고, 화학적으로 안정적이며 내구성도 높다. 이를 광흡수층으로 사용하면 태양전지 제조시 적은 재료 소모와 간소화된 공정만으로도 높은 효율을 구현할 수 있다. 그러나 기존 결정질 태양광 모듈 가격의 하락 등으로 인해 시장진입에 어려움을 겪고 있는 상황이다.  에너지기술연구원 신재생에너지연구소 윤재호 박사 연구진은 고분자 기판에 적용 가능한 CIGS 박막의 저온 성막기술을 개발하고, 체계적인 분석기술과 신뢰성 노하우를 기반으로 *리프트오프(Lift-Off) 공정을 적용한 CIGS 박막 태양전지 제조기술을 개발하는데 성공했다. 또, 이를 통해 세계 최고 수준에 비견할 만한 태양전지 변환효율(20.4%)을 달성했다.  리프트오프(Lift-Off)는 폴리머를 유리 기판 위에 얇게 코팅하고 떼어내 기판을 최대한 얇게 만들 수 있는 기술을 말한다.  개발된 기술은 기존의 대량보급용 양산형 태양광 모듈 기술과 다르게 수요 대응에 용이한 차세대 고부가가치 기술로, 건축물일체형 태양광(BIPV) 뿐만 아니라 기기일체형 태양광(DIPV) 응용에도 적합해 다양한 산업에 적용이 가능하다.  윤재호 박사는 “여타의 유기기반 태양전지와 달리 고도의 안정성을 갖는 CIGS 박막을 기반으로 경량 플라스틱 기판에서 고효율 태양전지 기술이 확보됨에 따라 소재 안정성, 효율, 기능성 등을 모두 보유한 태양광 모듈 제조 가능성을 입증했다”며, “국내 대기업 사업 철수 이후 위축된 국내 CIGS 박막 태양전지 사업화에 새로운 교두보가 될 뿐만 아니라 기후변화대응 기술로 과기정통부에서 추진하는 도시발전(發電) 프로젝트에 크게 기여할 수 있을 것으로 기대한다”고 밝혔다.  이 연구는 과학기술정보통신부(기후변화대응기술사업)의 지원으로 수행되었으며, 관련 연구성과는 저명한 국제학술지 ‘Advanced Energy Materials’& Interfaces’등에 게재돼 우수성을 입증했다. 또, 최근 3년 간 추진된 국가 기후변화대응 연구개발 중 창출된 우수성과로 ‘2019 기후기술 10선’에 선정됐다. seokjang@fnnews.com 조석장 기자   ▶ 헉! 소리나는 스!토리 뉴스 [헉스]▶ 클릭해, 뉴스 들어간다 [뉴스쿨] ▶ 세상에 이런일이 [fn파스]  ※ 저작권자 ⓒ 파이낸셜뉴스. 무단 전재-재배포 금지"
"과학","한국해양과학기술원 부설 극지연구소 제6대 소장에 윤호일 현 소장 취임","파이낸셜뉴스네이버","2019.07.30. 오후 1:04","2019.07.30. 오후 1:04","// flash 오류를 우회하기 위한 함수 추가function _flash_removeCallback() {}                          윤호알 극지연구소 소장          한국해양과학기술원(KIOST)은 30일 부설 극지연구소의 제6대 소장으로 윤호일 현 소장이 연임한다고 밝혔다.  윤호일 소장(59)은 인하대 해양학과를 졸업하고 동 대학원 해양학과 석·박사 학위를 받았다. 윤 소장은 1986년 KIOST의 전신인 한국해양연구소 극지연구실 입소를 시작으로 극지연구에 첫 발을 디딘 후 제17차 남극세종과학기지 월동연구대장, 극지연구소 극지환경연구부장, 선임연구본부장, 부소장, 소장을 역임했다.  또 국제북극과학위원회(IASC) 한국 부대표, 국제남극시추계획(ANDRILL) 과학분과 한국 대표, 대한지질학회 이사 등으로 활동한 바 있다.  신임 소장은 KIOST 임시이사회에서 선임 후 해양수산부 장관의 승인을 거쳐 최종 확정됐으며, 임기는 7월 30일부터 3년이다.   seokjang@fnnews.com 조석장 기자   ▶ 헉! 소리나는 스!토리 뉴스 [헉스]▶ 클릭해, 뉴스 들어간다 [뉴스쿨] ▶ 세상에 이런일이 [fn파스]  ※ 저작권자 ⓒ 파이낸셜뉴스. 무단 전재-재배포 금지"
"과학","김남승 삼성전자 전무, 한국인 최초 3대 컴퓨터 구조 학회 명예의 전당 헌액","동아사이언스네이버","2019.07.30. 오후 12:42","2019.07.30. 오후 12:42","// flash 오류를 우회하기 위한 함수 추가function _flash_removeCallback() {}김남승 삼성전자 메모리사업부 전무. 삼성전자 제공    김남승 삼성전자 메모리사업부 전무가 한국인 최초로 세계 3대 컴퓨터 구조 학회에서 운영하는 명예의 전당 모두에 이름을 올렸다.     삼성전자는 김 전무가 2015년 ‘국제 고성능 컴퓨터 구조 학회(HPCA)’, 2016년 ‘국제 마이크로아키텍처 학회(MICRO)’에 이어 지난달 말 미국컴퓨터학회(ACM)와 국제전기전자공학회(IEEE)가 공동주관하는 ‘국제 컴퓨터 구조 학회(ISCA)' 명예의 전당에 헌액됐다고 29일 밝혔다. 세계 3대 컴퓨터 구조 학회로 꼽히는 이 세 학회는 학회마다 최소 여덟 개 이상 논문을 올린 인물 중 기술 우수성과 영향력이 뛰어난 논문을 쓴 연구자를 명예의 전당에 올린다.     김 전무는 한국에서는 최초로, 세계에서는 24번째로 3대 학회의 명예에 전당에 모두 오른 인물이 됐다. 김 전무는 ISCA에서 2017년 가장 영향력 있는 논문상 수상자로 선정되기도 했다. 이 상은 15년 전 발표된 논문 중 학계나 산업계에 가장 큰 영향을 미친 논문 작성자에게 주어진다. 김 전무는 2002년 발표한 ‘마이크로프로세서의 누설 전류를 줄이는 새로운 구조와 회로 융합연구’ 논문을 통해 이 상을 받았다. 현재 상용화된 마이크로프로세서 대부분에 여기서 제안된 원리가 사용된다.     김 전무는 미국 일리노이대 컴퓨터공학과 교수로 재직하다 지난해 5월 삼성전자에 합류했다. 삼성전자는 합류 배경에 대해 “당시까지 몰두해 온 컴퓨터 구조 분야 연구를 실험실에 가둬두지 않고 산업 현장에 적용해 혁신을 이끌고자 하는 의지가 강했기 때문”이라고 설명했다. 현재 삼성전자에서 전체 컴퓨터시스템 구조의 관점에서 바라보는 새로운 메모리 기술 개발과 인공지능(AI) 분야에 다양하게 응용하기 위한 차세대 메모리반도체 연구를 수행하고 있다.     김 전무는 산업에 도움이 되는 실용적이고 간단한 해결책을 계속 제안할 계획이다. 김 전무는 “복잡성과 창의성 사이에서 혼란을 느끼며 단순하고 실용적인 해결책은 출판할 가치가 없다고 믿는 경향이 있는 학술 리뷰어들이 많은 지금 중요한 이정표가 될 것”이라며 “복잡한 현실 문제를 효율적으로 해결할 수 있는 단순하고 실용적인 해결책만이 창의적이고 새로운 해결책이라 믿는다”고 말했다.[조승한 기자 shinjsh@donga.com]"
"과학","日 소재 규제 이기려면 화관법·화평법 고쳐야? 재계 주장에 논란 가열","동아사이언스네이버","2019.07.30. 오후 12:42","2019.07.30. 오후 12:42","// flash 오류를 우회하기 위한 함수 추가function _flash_removeCallback() {}2012년 경북 구미의 한 화학공장에서 벌어진 불산누출 사고 영상의 한 장면.    일본의 소재 수출 규제 움직임을 계기로 화학물질관리법(화관법)과 화학물질의 등록 및 평가 등에 관한 법률(화평법)이 다시 주목 받고 있다. 두 법이 기업에 과도한 부담을 준다며 줄곧 시행에 비판적이었던 화학 기업 등 재계와 일부 정치권은 이 법이 소재 개발을 가로막는 주범 중 하나라며 개정을 요구하는 목소리를 높이고 있다. 하지만 화관법과 화평법 자체는 화학물질에 의한 피해를 막는 최소한의 법이며 오히려 제2의 가습기살균제 사태나 구미 불산 누출사고를 막기에는 역부족이라는 비판도 나오고 있다.   화평법은 2011년 가습기살균제 사태를 계기로 제정된 법으로 생활용 화학제품에 의한 독성 피해로부터 국민과 환경의 피해를 방지하는 것을 목표로 한다. 2013년 5월 제정돼 2015년부터 시행되고 있다. 신규화학물질이거나 연간 1t 이상 제조, 수입되는 기존 화학물질에 대해 유해성 심사를 의무화하는 내용을 담고 있다. 화학물질의 유해성 입증 의무도 기업에게 부과된다. 유럽에서 2007년 6월부터 시행돼 온 화학물질의 등록, 평가, 관리 및 제한 제도인 ‘리치(REACH)’와 비슷하다. 환경부는 “2015년에 법령 제정 이후에 화평법에 따라 5490종의 물질이 등록되고, 3만 5천건이 연구개발용으로 등록면제확인을 받았다”고 밝히고 있다.   화관법은 화학물질의 체계적 관리와 화학사고 예방을 통해 국민 건강 및 환경을 보호하기 위한 목적으로 만들어졌다. 1990년 유해화학물질관리법으로 제정된 이후 2012년 구미에서 불산가스가 누출돼 노동자 5명이 사망하는 사고가 일어난 뒤인 2013년 크게 개정돼 2015년부터 시행ㄷ되고 있다.  유해화학물질 취급시설을 설치할 때 관리 기준을 강화하는 내용을 담고 있다.   두 법은 제정 초기부터 많은 기업으로부터 ‘공공의 적’ 취급을 받아왔다. 화학물질의 유해성 심사를 반드시 해야 하고 그 입증 책임도 기업이 갖기에 이전보다 등록 절차가 복잡하고 평가 등에 많은 시간과 비용이 소요된다는 이유에서였다. 화학물질의 성분은 기업이 오랜 시간 투자해 얻은 일종의 ‘영업비밀’인데 이를 유지하기 어렵다는 논의도 단골이었다. 10일 대통령이 일본 규제 대책으로 재계 인사들을 만난 자리에서 재계는 두 법이 기업 활동을 제약한다고 완화를 건의했고, 경제신문을 비롯한 언론이 연일 이 문제를 다루며 다시 논란의 중심에 섰다.   관련 보도가 이어지자 환경부는 15일 “국내 대체기술 부족은 ’제조사 자체의 기술적 한계‘, ’자체 생산 시 높은 가격‘, ’업계의 소극적 대응‘ 등 복합적 원인이 있다”며 “소재산업 경쟁력이 환경규제 때문이라고 보도하는 것은 타당하지 않다”고 반박했다. 환경부는 “개정 화평법에 따라 등록해야 하는 7000여 종은 한꺼번에 등록하는 것이 아니라, 산업계의 부담을 고려하여 유해성 및 제조량, 수입량에 따라 최대 2030년까지 단계적으로 등록을 유예하고 있다”고도 말했다.   화평법이 모델로 삼은 EU의 리치보다 오히려 더 까다롭다는 일부 언론의 비판에 대해서는 “화평법은 제조·수입량에 따라 15개∼47개 시험자료를 요구하고 있지만 EU는  22개∼60개로 더 많은 시험자료의 제출을 요구하고 있다”며 “EU와 달리 화평법은 유해성이 낮은 것으로 분류, 표시되는 기존화학물질에 대해서도 등록서류 제출을 일부 면제하고 있다. 연구개발용 화학물질의 경우에는 등록이 면제되는 물질로 한국환경공단으로부터 확인을 받으면 제조와 수입이 가능하다”며 반박했다.   야당도 반대하고 있다. 오현주 정의당 대변인은 29일 논평에서 “정부는 일본 수출규제 대응책을 앞세운 위험한 규제 완화 추진을 당장 맘춰야 한다”며 “재계는 반도체소재산업 경쟁력을 뒷받침하겠다며 화평법과 화관법의 완화, 52시간 근무제 특례 확대, 산업안전법 개정, 법인세·상속세 인하를 요구하고 있으며 정부는 이러한 요구를 무분별하게 수용할 태세”라고 비판했다.     오 대변인은 “2012년 구미 불산 폭발사고 후 삼성전자, SK하이닉스 등 반도체 업체들은 강화된 규제를 피해 국내생산을 포기하고 일본에서 수입하는 손쉬운 선택을 해왔다”며 “반도체 생산이 위기에 처한 것은 화평법 때문이 아니라 기업들이 미래의 위험에 대비한 기술투자를 하지 않아서일 뿐”이라고 비판했다. [윤신영 기자 ashilla@donga.com]"
"과학","日소행성탐사선 '하야부사2, 류구 샘플 채취 순간 포착 영상 공개","동아사이언스네이버","2019.07.30. 오후 12:20","2019.07.30. 오후 12:25","// flash 오류를 우회하기 위한 함수 추가function _flash_removeCallback() {}35초짜리 분량일본우주항공연구개발기구(JAXA)는 소행성탐사선 '하야부사 2호'가 지구와 3억4000만km 떨어져 있는 소행성 '류구'에 착륙해 돌과 모래를 채취하는 35초짜리 영상을 지난 26일 공개했다.   우리말로 송골매라는 뜻을 가진 '하야부사 2호는 지난 2014년 12월 3일 일본 다네가시마 우주센터에 발사됐다. 3년 반의 긴 여정 끝에 류구에 지난해 6월에 도착했다. 목적은 태양계의 46억년 전 모습을 그대로 담고 있는 모래와 돌을 류구에서 채취하는 것이다. 지난 2월 첫 터치다운에 성공했으며 지난 4월에는 첫번째 샘플을 채취하는데 성공했다.    이번 공개된 영상은 하야부사2호의 두번째 류구 샘플 채취 시도로 실제 영상보다 10배 빠르게 재생된 상태다. 하야부사에 달린 카메라가 채취 당시 영상을 촬영했다.      JAXA 제공    하야부사2호가 지난 11일 류구에 착륙을 준비 중이다. 하야부사2는 탄환을 소행성으로 발사한다. 표면에 탄환이 부딪혀 폭발하는 순간 하야부사2호는 튀어오른 모래와 돌 등을 캡슐에 채취한다.     JAXA 제공    탄환을 통해 튀어오른 류구 표면의 돌과 모래의 모습이다.      JAXA 제공    하야부사2는 올해 말까지 류구 추가 조사를 진행할 예정이다. 추가 조사를 끝낸 직후 지구로의 귀환길에 올해 내년 말에 류구의 돌과 모래 등을 담고 돌아올 계획이다.               .     [고재원 기자  jawon1212@donga.com]"
"과학","나노 와이어 이용해 초소형 회로 만드는 공정 기술 개발","파이낸셜뉴스네이버","2019.07.30. 오후 12:19","2019.07.30. 오후 12:19","// flash 오류를 우회하기 위한 함수 추가function _flash_removeCallback() {} 국내 연구진들이 머리카락보다 더 가는 나노미터(10억분의 1m) 크기의 초소형 회로를 개발하는데 필요한 공정 기술을 개발했다. 이 기술은 손가락 및 발가락의 움직임 변화를 감지하는 모션 센서로의 응용으로 운동 시 신체 관절 및 근육의 이완과 수축 정도, 운동량 등을 체크할 수 있는 스마트 운동복 등을 만드는데도 활용할 수 있다.  한국과학기술연구원(KIST) 광전소재연구단 최원준 박사와 울산과학기술원(UNIST) 백정민 교수, 이화여자대학교 김명화 교수 공동연구팀은 단결정 이산화바나듐(VO2) 나노와이어를 정확하게 배치 및 정렬하는 공정 기술을 개발했다고 30일 밝혔다.                            그림 A는 이산화바나듐 나노와이어 어레이 성장과정 모식도 및 주사전사현미경 이미지. 그림 B는 플렉서블한 이산화바나듐 나노와이어 어레이 제작 방법 모식도(상단)와 플렉서블한 기판인 PDMS에 전사된 이산화바나듐 나노선 어레이에 전극 증착해 변형센서 제작 이미지와 변형율에 따른 저항변화율을 측정한 그래프(하단). KIST 제공          KIST 연구진은 기존의 연구들을 분석해 밀리미터 길이의 나노와이어를 정렬시키는 데에 성공했다. 특정 패턴을 갖는 표면 위에서 나노물질(오산화바나듐, VO5)을 녹이면 액체 방울들로 분리되는데, 이때 특정 방향으로 나노 액체 방울들이 스스로 정렬되는 현상을 이용해 고도로 균일하고, 정렬된 밀리미터 크기의 단결정 이산화바나듐(VO2) 나노와이어를 성공적으로 형성시켰다. 공동연구팀은 이 현상을 '방향성 오스트왈드 라이프닝'이라고 정의했다.  오스트왈드 라이프닝이란 사이즈가 큰 입자의 에너지 상태가 사이즈가 작은 입자 보다 낮아 사이즈가 작은 입자는 액체상태로 녹아들어가는 반면 큰 입자는 점점 더 크기가 성장한다는 이론이다.  상온에서는 반도체인 이산화바나듐은 특정 온도가 되면 금속처럼 저항이 급격하게 감소하는 특성이 있다. KIST 연구팀은 이 특성을 이용해 고도로 정렬된 밀리미터 크기의 이산화바나듐 나노와이어 변형 센서도 개발했다. 제작된 변형 센서는 단결정 나노와이어의 특성으로 인해 높은 민감도와 빠른 반응 속도를 갖는다.  KIST 최원준 박사는 ""이번 성과는 이제까지 알기 어려웠던 산화바나듐 단결정 생성에 대한 이해를 높였을 뿐만 아니라 다양한 종류의 단결정 산화바나듐 나노와이어를 이용한 웨어러블 복합센서 제작에 중요한 계기가 될 것""이라고 밝혔다.  연구진들은 나노미터 크기의 초소형 회로를 개발하는데에 지속적인 최적화 공정을 통해 핵심 기술로 적용 되거나 또는 다른 공정 기술 개발을 위한 실마리가 될 수 있을 것이라 기대하고 있다. 한편 연구진은 ""이 기술의 실용화를 위해서는 재료의 선택과 비규칙적인 표면 패턴에서의 공정에 대한 연구가 지속적으로 필요하다""고 말했다.  이 연구는 과학기술정보통신부(장관 유영민) 지원으로 KIST-UNIST-Ulsan Center (KUUC) 과제와 한국연구재단 및 국토교통과학기술진흥원 사업으로 수행됐다. UNIST, 이화여대와의 공동연구로 진행된 이번 연구결과는 나노소재분야 국제 저널인 'Nano Letters' 최신호에 게재됐다.   monarch@fnnews.com 김만기 기자   ▶ 헉! 소리나는 스!토리 뉴스 [헉스]▶ 클릭해, 뉴스 들어간다 [뉴스쿨] ▶ 세상에 이런일이 [fn파스]  ※ 저작권자 ⓒ 파이낸셜뉴스. 무단 전재-재배포 금지"
"과학","백금보다 높은 수소 생산효율 가진 루테늄 촉매 개발","동아사이언스네이버","2019.07.30. 오후 12:10","2019.07.30. 오후 12:10","// flash 오류를 우회하기 위한 함수 추가function _flash_removeCallback() {}전극 촉매 중 가장 낮은 7mV(밀리볼트)의 과전압 기록김광수 울산과학기술원(UNIST) 자연과학부 특훈교수 연구팀이 상업적으로 쓰이는 백금 촉매보다 탁월한 물 분해 전극 촉매 물질 개발에 성공했다. UNIST 제공    국내 연구팀이 이론적인 극한값에 근접한 극소량의 에너지로 수소를 생성하는 전기 촉매를 개발했다. 현재 상업적으로 쓰이는 백금 촉매보다 수소 생산 효율이 높다는 게 연구팀의 설명이다.    김광수 울산과학기술원(UNIST) 자연과학부 특훈교수 연구팀은 상업적으로 쓰이는 백금 촉매보다 탁월한 물 분해 전극 촉매 물질 개발에 성공했다고 30일 밝혔다.    연구팀이 개발한 촉매는 루테늄을 사용했다. 루테늄은 단단하고 은백색을 띠는 전이금속으로 로듐, 팔라듐, 백금과 함께 수소화 반응 촉매로 사용된다. 연구팀은 질소가 첨가된 그래핀에 루테늄 단일원자와 표면을 단단하게 만든 루테늄 나노입자들을 혼합시켰다.   연구팀은 “이론적 계산에 따르면 루테늄 원자 1개가 질소 원자 2개와 탄소 원자 2개를 이웃으로 두는 배치를 가질 경우 촉매 활성도가 높아진다”며 “루테늄 단원자와 표면이 단단해진 루테늄 나노입자가 섞여 있을 경우 전기전도성이 커져 전기화학적 효율과 활성도 반응 속도가 개선된다”고 설명했다.   연구팀이 새로 개발한 촉매는 알려진 전극 촉매 중 가장 낮은 7mV(밀리볼트)의 과전압을 기록하는 것으로 나타났다. 과전압은 전해 과정에서 이론적으로 주어지는 분해전압과 실제로 전극 간에 주어지는 전압의 차이를 듯하는 것으로 과전압이 작을수록 이론 값에 가까워졌다고 평가한다.    새로 개발한 촉매는 촉매효율을 나타내는 지표 중 하나인 패러데이 효율에서 100%를 기록하기도 했다. 패러데이 효율은 반응을 일으키는 데 사용되는 전류를 100으로 두고, 원하는 반응에 사용된 전류가 그 중 얼마인지 측정하는 것을 뜻한다.   김 교수는 “새로 개발된 촉매는 산성과 염기성 용역에서 백금 촉매를 능가하는 우수한 성능과 안정성을 보였다”며 “액체 추진 로켓이나 선박 등 다양한 환경에서 수소발생반응을 촉진하는 촉매로 사용 가능할 것”이라고 밝혔다.   이번 연구결과는 국제학술지 ‘어드밴스드 에너지 머티리얼스’ 지난 3월 28일 온라인판으로 발표됐다.    연구팀은 질소가 첨가된 그래핀에 루테늄 단일원자와 표면을 단단하게 만든 루테늄 나노입자들을 혼합시켰다. UNIST 제공     [고재원 기자  jawon1212@donga.com]"
"과학","차세대 연료전지 핵심소재 ‘음이온 교환막’ 국산화","아이뉴스24네이버","2019.07.30. 오후 12:01","2019.07.30. 오후 12:01","// flash 오류를 우회하기 위한 함수 추가function _flash_removeCallback() {}화학연, 음이온 바인더 및 분리막 개발, 하반기 상용제품 출시 계획[아이뉴스24 최상국 기자] 국내 연구진이 차세대 연료전지로 부각되고 있는 음이온 교환막 연료전지의 핵심소재를 국산화했다.한국화학연구원 화학소재연구본부 이장용 박사팀은 ‘음이온 교환막 연료전지’에 쓰이는 음이온 교환소재(바인더 및 분리막)의 제조 기술을 개발, ㈜SDB(대표 김호선)에 기술이전했다고 30일 발표했다. 관련 제품은 하반기에 상용 출시할 계획이다.한국화학연구원이 개발한 음이온 교환형 바인더(좌) 및 분리막(우) 사진[한국화학연구원 제공]음이온 교환막 연료전지는 차세대 연료전지로 각광받고 있다. 최근 시장을 선점하기 위한 기술 선진국의 움직임도 빨라지고 있다. 하지만 국내에서는 관련 상용기술을 보유한 기업이 없어 독일 푸마테크와 일본 도쿠야마 등으로부터 100% 수입하고 있는 형편이다.현재는 양이온 교환막 연료전지(PEMFC)가 성능과 내구성이 우수해 많이 쓰이지만, 값비싼 백금을 사용하는 것이 단점이다. 반면 음이온 교환막 연료전지(AEMFC)는 니켈과 구리 등 비귀금속계 촉매를 사용해 제조비용을 크게 낮출 수 있고, 연료전지뿐만 아니라 수처리, 전기투석 시스템에도 활용될 수 있다. 하지만 핵심소재인 음이온 교환소재(바인더 및 분리막)의 성능과 내구성이 떨어지는 게 문제다.이번에 개발된 음이온 교환소재는 음이온 교환막 연료전지(AEMFC)에 쓰는 전극 바인더와 분리막이다. 연료전지에서 바인더는 분말가루 형태의 전극을 단단히 결합시키고 전극층 내부에서 이온이 이동할 수 있는 채널을 형성하며, 분리막(이온교환막)은 고체 전해질로 양극에서 음극으로 음이온(수산화이온)을 선택적으로 이동시키는 채널 역할을 한다.한국화학연구원은 기존 상용 음이온 교환소재의 성능과 내구성을 한층 개선시켰다. 상용 바인더와 비교해 이온전도도가 3배 이상 향상됐고, 화학적 안정성이 높아졌다.연구팀은 ""아직 양이온 교환소재를 완전히 대체할 수 있는 수준은 아니다. 성능은 양이온 교환소재와 동등하지만, 내구성이 못미치기 때문이다. 이점은 연구진에게 여전히 풀어야 할 숙제""라고 설명했다.이에 따라 이번에 개발한 음이온 교환막 연료전지는 당장 자동차나 건물용 연료전지를 대체하기보다 상대적으로 높은 내구성을 요구하지 않는 UPS(무정전 전원 공급장치)등에서부터 적용할 수 있을 것으로 보인다.음이온 교환소재는 연료전지 이외에도 수전해, 레독스 흐름 전지, 전기화학적 이산화탄소 전환기술 등에 활용될 수 있어 파급효과가 크다.에너지 조사기관 ‘네비건트 리서치’에 따르면, 전 세계 이온 교환막 연료전지 시장규모는 2024년 15조원에 달할 것으로 예상되며, 이온교환소재(바인더 및 분리막) 시장은 전체의 10%인 1.5조원 정도로 예상된다.연구책임자인 이장용 박사는 “이번 기술이전을 계기로 산업적 파급효과가 큰 음이온 교환소재를 상용화시키고, 가격을 낮추기 위한 원천기술 연구 개발에 힘을 쏟겠다”고 밝혔다.음이온 교환소재의 다양한 적용 [한국화학연구원]최상국기자 skchoi@inews24.com▶네이버 채널에서 '아이뉴스24'를 구독해주세요.▶아이뉴스TV에서 부동산 고수를 만나보세요.[ⓒ 아이뉴스24 무단전재 및 재배포 금지]"
"과학","차세대 연료전지 ‘음이온 교환막 연료전지’ 핵심소재 국산화 ","파이낸셜뉴스네이버","2019.07.30. 오후 12:00","2019.07.30. 오후 12:00","// flash 오류를 우회하기 위한 함수 추가function _flash_removeCallback() {}한국화학연구원이장용박사팀,㈜SDB에기술이전…하반기상용제품출시계획최근기술선진국각축장…국내상용기술전무한상황서국산화성공                          한국화학연구원 개발 음이온 교환형 바인더                                   분리막                                  소제 적용 예시         최근 일본의 수출규제에 직면해 핵심소재 국산화에 대한 목소리가 커지고 있는 가운데, 국내 연구진이 차세대 연료전지로 불리는 ‘음이온 교환막 연료전지’의 핵심소재를 국산화하는데 성공했다.  음이온 교환막 연료전지는 기존 양이온 교환막 연료전지에 비해 제조비용을 크게 낮출 수 있어 차세대 연료전지로 각광받고 있다. 최근 시장을 선점하기 위한 기술 선진국의 움직임도 빨라지고 있다. 하지만 국내에서는 관련 상용기술을 보유한 기업이 전무한 상황이다.  이러한 상황에서 음이온 교환막 연료전지의 핵심소재를 개발한 연구진은 국내 기업에 관련 기술을 이전하고, 올해 하반기 상용 제품으로 출시한다는 계획이다.  한국화학연구원 화학소재연구본부 이장용 박사팀은 차세대 연료전지 ‘음이온 교환막 연료전지’에 쓰이는 음이온 교환소재(바인더 및 분리막)의 제조 기술을 개발해, 국내 기업인 ㈜SDB(대표 김호선)에 이전했다.  이번에 개발된 음이온 교환소재는 음이온 교환막 연료전지(AEMFC)에 쓰는 전극 바인더와 분리막이다. 연료전지에서 바인더는 분말가루 형태의 전극을 단단히 결합시키고 전극층 내부에서 이온이 이동할 수 있는 채널을 형성하며, 분리막(이온교환막)은 고체 전해질로 양극에서 음극으로 음이온(수산화이온)을 선택적으로 이동시키는 채널 역할을 한다.  현재 산업계에서는 양이온 교환막 연료전지(PEMFC)가 성능과 내구성이 우수해 많이 쓰이지만, 촉매로 값비싼 백금을 사용하다보니 가격이 고가인 게 흠이었다. 실제 백금 촉매가 양이온 교환막 연료전지에서 차지하는 비중은 60%에 달한다.  이에 반해 음이온 교환막 연료전지(AEMFC)는 니켈과 구리 등 비귀금속계 촉매를 사용해 제조비용을 크게 낮출 수 있고, 관련 기술은 연료전지뿐만 아니라 수처리, ED(Electro Dialysis.전기투석) 시스템에도 활용될 수 있어 산업계의 관심이 높다. 하지만 핵심소재인 음이온 교환소재(바인더 및 분리막)의 성능과 내구성이 떨어지는 게 문제였다.  한국화학연구원 연구진은 기존 상용 음이온 교환소재의 성능과 내구성을 한층 개선시켰다. 최근 일본의 수출규제에 직면해 핵심소재 국산화에 대한 목소리가 커지고 있는 가운데, 국내 연구진이 차세대 연료전지로 불리는 ‘음이온 교환막 연료전지’의 핵심소재를 국산화하는데 성공했다.  이온의 이동 체널인 친수성부분과 고분자의 소수성 부분의 뚜렷한 분리 현상인 '상분리(相分離)' 특성이 우수해 동일한 이온교환능(이온 교환 반응을 할 수 있는 능력)을 갖는 상용 바인더와 비교해 이온전도도가 3배 이상 향상됐고, 화학적 안정성이 높아졌다.  하지만 양이온 교환소재를 완전히 대체할 수 있는 수준은 아니다. 성능은 양이온 교환소재와 동등하지만, 내구성이 양이온 교환소재에 미치지 못하기 때문이다. 이점은 연구진에게 여전히 풀어야 할 숙제다.  이에 따라 신규 음이온 교환막 연료전지는 당장 자동차나 건물용 연료전지를 대체하기보다 상대적으로 이용 빈도가 낮아 높은 내구성을 요구하지 않는 UPS(무정전 전원 공급장치.Un-interrupted Power System)에 적용할 수 있을 것으로 보인다.  현재 음이온 교환소재 시장은 기술 선진국의 각축장이다. 기존 생산국인 독일과 일본 이외에도 미국과 캐나다까지 제품 개발에 뛰어들었다. 최근 미국과 캐나다는 관련 소재 생산 기업을 설립하고, 신규 제품도 발표했다.  하지만 한국은 독일 푸마테크와 일본 도쿠야마 등으로부터 음이온 교환소재를 100% 전량 수입하고 있는 형편이다. 국내에는 관련 상용기술을 보유한 기업도 없다.  또 음이온 교환소재는 연료전지 이외에도 수전해, 레독스 흐름 전지, 전기화학적 이산화탄소 전환기술 등에 활용될 수 있어 파급효과가 크다. 다시 말해, 수입대체 효과뿐만 아니라 관련 시장 확대도 기대되는 것이다.  에너지 조사기관 ‘네비건트 리서치’에 따르면, 전 세계 이온 교환막 연료전지 시장규모는 2024년 15조원에 달할 것으로 예상되며, 이온교환소재(바인더 및 분리막) 시장은 전체의 10%인 1.5조원 정도로 예상된다.  연구책임자인 이장용 박사는 “연료전지의 소재 시장이 전체의 10%나 되는 것은 엄청 큰 규모”라면서 “이번 기술이전을 계기로 ㈜SDB와 함께 산업적 파급효과가 큰 음이온 교환소재를 상용화시키고, 가격을 낮추기 위한 원천기술 연구 개발에 힘을 쏟겠다”고 포부를 밝혔다.  이번 연구는 과학기술정보통신부의 한국연구재단 기후변화대응기술개발사업의 결과로 이뤄졌다. seokjang@fnnews.com 조석장 기자   ▶ 헉! 소리나는 스!토리 뉴스 [헉스]▶ 클릭해, 뉴스 들어간다 [뉴스쿨] ▶ 세상에 이런일이 [fn파스]  ※ 저작권자 ⓒ 파이낸셜뉴스. 무단 전재-재배포 금지"
"과학","KIST, 태양전지·센서 소재 '나노와이어' 정렬 기술 개발","연합뉴스네이버","2019.07.30. 오후 12:00","2019.07.30. 오후 12:00","// flash 오류를 우회하기 위한 함수 추가function _flash_removeCallback() {}UNIST·이화여대팀과 공동 연구…""상용화에 한걸음 접근""(서울=연합뉴스) 신선미 기자 = 국내 연구진이 초소형 회로와 태양전지, 가스·바이오 센서 제작 등에 활용되는 나노와이어를 정확하게 배치하고 정렬할 수 있는 기술을 개발했다. 나노와이어는 우수한 물리적·전기적 특성을 가지고 있음에도 이를 정확하게 배치·정렬하는 기술에 한계가 있어 상용화에는 이르지 못하고 있다.    한국과학기술연구원(KIST) 광전소재연구단 최원준 책임연구원팀은 울산과학기술원(UNIST), 이화여대 연구진과 함께 이산화바나듐(VO₂) 나노와이어를 정확하게 배치하는 정렬 공정을 개발했다고 30일 밝혔다.    나노와이어는 단면 지름이 수nm(1nm=10억분의 1m) 수준인 선 구조의 물질로 다양한 곳에 활용될 수 있을 것으로 기대를 모으는 소재다. 그러나 아직 균일한 밀도로 제작하고 원하는 곳에 배치하는 기술이 부족해 이 소재는 아직 상용화되지 못했다.이산화바나듐 나노와이어 성장과정 모식도 및 주사전사현미경 이미지 [KIST 제공]    공동 연구진은 이번에 나노와이어를 ㎜ 길이로 정확하게 정렬할 수 있는 방법을 찾아냈다. V자 모양의 틈이 연속 배열된 실리콘 산화물 표면 위에 오산화바나듐 박막을 올리고 700℃ 이상으로 가열하면 액체 입자 형태의 오산화바나듐이 실리콘 틈 사이에 모이게 된다. 이때 온도를 낮추면 가지런히 배열된 이산화바나듐 나노와이어를 얻을 수 있다.이산화바나듐 나노와이어 제작 방법을 표현한 그림 [KIST 제공]    이산화바나듐은 상온에서는 반도체지만 67℃ 이상이 되면 전기적인 저항이 급격히 감소해 마치 금속처럼 된다. 연구진은 이 특성을 이용해 이산화바나듐 나노와이어를 고분자(PDMS)로 옮겨 수 mm 크기의 변형센서도 제작했다. 이 센서로는 잡아당김과 굽힘, 뒤틀림 등 물리적인 변화를 감지할 수 있다.    최원준 책임연구원은 ""이 연구에서 지금까지 알기 어려웠던 산화바나듐 단결정 생성에 대한 이해를 높였다""며 ""이 연구 성과는 다양한 종류의 단결정 산화바나듐 나노와이어를 이용한 웨어러블 복합센서 제작에 중요한 계기가 될 것""이라고 말했다.    이 연구 결과는 국제학술지 '나노레터스'(Nano Letters·6월 7일자)에 실렸다.    sun@yna.co.kr▶확 달라진 연합뉴스 웹을 만나보세요▶네이버 [연합뉴스] 채널 구독   ▶뭐 하고 놀까? #흥"
"과학","'독일·일본서 전량수입' 차세대 전지 핵심 소재 국산화 성공","연합뉴스네이버","2019.07.30. 오후 12:00","2019.07.30. 오후 12:00","// flash 오류를 우회하기 위한 함수 추가function _flash_removeCallback() {}화학연, 음이온 교환 막 연료전지 전극바인더·분리막 개발음이온 교환 막 연료 전지 전극 바인더[한국화학연구원 제공. 재판매 및 DB 금지](대전=연합뉴스) 이재림 기자 = 국내 연구진이 독일과 일본에서 전량 수입 중인 차세대 연료전지 핵심 소재를 국산화하는 데 성공했다.    한국화학연구원(화학연)은 이장용 화학소재연구본부 박사팀이 음이온 교환 막 연료전지에 쓰이는 음이온 교환 소재 제조 기술을 개발했다고 30일 밝혔다.    연료전지는 문자 그대로 연료를 사용해 전기를 만드는 장치다. 예컨대 수소연료전지는 연료인 수소를 공기 중 산소와 반응시켜 전기나 열을 생성한다.    현재 관련 업계에서는 양이온 교환 막 연료전지를 주로 쓴다. 우수한 성능과 내구성 때문이다.    다만, 촉매로 백금을 사용하다 보니 가격이 비싼 게 흠이다.    대안으로 등장한 게 음이온 교환 막 연료전지다. 니켈과 구리 등 비 귀금속계 촉매를 사용해 제조 비용을 낮출 수 있는 데다 다양한 분야에 활용할 수 있어서다.음이온 교환 막 연료 전지 분리막[한국화학연구원 제공. 재판매 및 DB 금지]    이장용 박사 연구팀은 음이온 교환 막 연료전지 핵심인 전극 바인더와 분리막을 제작했다.     연료전지에서 바인더는 분말 형태 전극을 단단히 결합하고 전극 층 내부에서 이온이 이동하는 통로를 형성한다. 분리막(이온 교환 막)은 양극에서 음극으로 음이온(수산화이온)이 선택적으로 움직일 때 경로 역할을 한다.    연구팀은 기존 상용 음이온 교환 소재보다 성능과 내구성을 더 높였다. 특히 이온전도도는 3배 이상 좋아졌다.    여기에 더해 독일과 일본에 100％ 의존하던 음이온 교환 소재를 국내 기술로 대체할 수 있을 것으로 평가받는다.음이온 교환소재 적용 예시[한국화학연구원 제공. 재판매 및 DB 금지]    이장용 박사는 ""산업적 파급 효과가 큰 음이온 교환 소재를 상용화하는 한편 제조 가격을 더 낮추기 위한 원천기술 연구에 힘을 쏟을 것""이라고 말했다.    연구는 한국연구재단 기후변화 대응기술 개발사업 지원으로 수행했다.    관련 기술은 화학·기계 분야 전문 기업에 이전됐다.    walden@yna.co.kr▶확 달라진 연합뉴스 웹을 만나보세요▶네이버 [연합뉴스] 채널 구독   ▶뭐 하고 놀까? #흥"
"과학","과기정통부-부산시, 31일 부산글로벌테크비즈센터 개관식","연합뉴스네이버","2019.07.30. 오후 12:00","2019.07.30. 오후 12:00","// flash 오류를 우회하기 위한 함수 추가function _flash_removeCallback() {}(서울=연합뉴스) 신선미 기자 = 과학기술정보통신부와 부산광역시는 31일 부산 강서구 연구개발(R&D)융합지구에서 부산글로벌테크비즈센터(B-TBC)의 개관식을 한다고 30일 밝혔다.    B-TBC는 부산연구개발특구의 연구개발(R&D) 허브로, 공공기술 사업화를 지원하기 위해 마련됐다. 작년 9월 1만9천188㎡ 부지에 지상 9층 규모로 완공됐으며 건설에는 총 365억원(국비 50%·지방비 50%)이 들었다.    B-TBC에는 기업입주공간이 총 66개 마련돼있다. 1층에는 누구나 이용할 수 있는 교류공간이 있고 국제회의실과 구내식당 등 부대시설도 있다.    과기정통부는 ""R&D 융합지구에는 한국기계연구원, 한국생산기술연구원 등 정부 출연연구기관 분원이 있고 한국해양대학교 미음캠퍼스도 있다""며 ""이런 입지조건을 기반으로 산·학·연의 가교로 기업 수요에 부응하는 역할을 충실히 해낼 것으로 기대된다""고 전했다.    개관식에는 유영민 장관, 오거돈 시장, 양성광 연구개발특구진흥재단 이사장, 공순진 동의대 총장, 김웅서 한국해양과학기술원 원장 등 200여 명이 참석한다.부산글로벌테크비즈센터[과학기술정보통신부 제공]    sun@yna.co.kr▶확 달라진 연합뉴스 웹을 만나보세요▶네이버 [연합뉴스] 채널 구독   ▶뭐 하고 놀까? #흥"
"과학","여름휴가 위한 최고 발명품은 ‘아쿠아슈즈’…특허청 설문조사","이데일리네이버","2019.07.30. 오전 11:02","2019.07.30. 오전 11:02","// flash 오류를 우회하기 위한 함수 추가function _flash_removeCallback() {}휴대용모기퇴치기·원터치텐트·래쉬가드 등 순위 올라[대전=이데일리 박진환 기자] ‘아쿠아 슈즈’가 여름 휴가를 위한 최고의 발명품으로 선정됐다.특허청은 페이스북을 통해 실시한 ‘여름 휴가를 위한 발명품’ 투표에서 아쿠아 슈즈가 가장 많은 지지를 얻었다고 30일 밝혔다.2위에는 휴대용 모기퇴치기, 3위 휴대용 핸디 에어컨, 4위 원터치 텐트, 5위 래쉬가드 등의 순으로 조사됐다.이번 페이스북 투표는 지난 12~21일 10일간 투표참여자가 한국발명진흥회에서 선정된 발명품 20개 중 3개를 추천하는 방식으로 진행됐다.투표에는 모두 604명이 참여했고, 전체 유효응답의 18.96%인 333표를 차지한 아쿠아 슈즈가 최고의 발명품으로 선정됐다. 투표자들은 댓글을 통해 ‘한여름 맨발로 모래밟고 화상입을 뻔함’, ‘해변에서도 유리조각 걱정없이 신을 수 있는 훌륭한 발명품’ 등 백사장에서 아쿠아 슈즈의 실용성을 강조했다.또 차량용 미니 냉온장고, 휴대용 쿨링 타올, 휴대용 진공 압축기, 썬햇 등도 10위권에 이름을 올렸다.박호형 특허청 산업재산정책국장은 “국민들이 직접 선정하는 ‘이달의 발명품’ 이벤트를 통해 최근에 유행하거나 관심을 받는 발명품이 무엇인지 확인해보는 한편, 발명에 대한 국민의 인식 또한 자연스럽고 효과적으로 제고해 나아갈 것”이라며 향후계획을 밝혔다.박진환 (pow17@edaily.co.kr)네이버 홈에서 ‘이데일리’ 뉴스 [구독하기▶]꿀잼가득 [영상보기▶] , 청춘뉘우스~ [스냅타임▶]＜ⓒ종합 경제정보 미디어 이데일리 - 무단전재 & 재배포 금지＞"
"과학","GC녹십자 헌터증후군 치료제 '헌터라제', 중국 허가 신청","연합뉴스네이버","2019.07.30. 오전 10:20","2019.07.30. 오전 10:24","// flash 오류를 우회하기 위한 함수 추가function _flash_removeCallback() {}허가받으면 중국 내 첫 헌터증후군 치료제GC녹십자 로고[GC녹십자 제공]    (서울=연합뉴스) 김잔디 기자 = GC녹십자는 파트너사인 캔브리지(CANBridge Pharmaceuticals)가 중국 국가약품감독관리국(NMPA)에 헌터증후군 치료제 '헌터라제'의 품목허가를 신청했다고 30일 밝혔다.    GC녹십자는 지난 1월 중국 제약사 캔브리지에 헌터라제를 기술수출하는 계약을 체결했다. 당시 계약에 따라 캔브리지는 중국 등 중화권 국가에서 헌터라제의 개발 및 상업화에 대한 독점적 권리를 가진다.    헌터증후군은 남아 15만여 명 중 1명 비율로 발생하는 선천성 희귀질환이다. 'IDS'(Iduronate-2-sulfatase)라는 특정 효소 결핍으로 골격 이상, 지능 저하 등이 발생한다.    현재 중국에서 허가받은 헌터증후군 치료제는 없다. 헌터라제가 허가를 받으면 중국 내 첫 헌터증후군 치료제가 될 전망이다.     GC녹십자에 따르면 헌터라제는 유전자재조합 기술로 만들어진 정제된 IDS 효소를 정맥에 투여해 헌터증후군 증상을 개선한다. 2012년 세계에서 두 번째 헌터증후군 치료제로 개발된 이후 현재 세계 10개국에 공급되고 있다.    jandi@yna.co.kr▶확 달라진 연합뉴스 웹을 만나보세요▶네이버 [연합뉴스] 채널 구독   ▶뭐 하고 놀까? #흥"
"과학","GC녹십자, '헌터라제' 중국 품목허가 신청","서울경제네이버","2019.07.30. 오전 10:20","2019.07.30. 오전 10:20","// flash 오류를 우회하기 위한 함수 추가function _flash_removeCallback() {}[서울경제] GC녹십자(006280)는 중국 국가약품감독관리국에 헌터증후군 치료제 ‘헌터라제’의 품목허가를 신청했다고 30일 밝혔다. GC녹십자는 지난 1월 중국 제약사 캔브리지에 ‘헌터라제’를 기술 수출하면서 시장 진출을 위한 본격적인 준비에 나선 바 있다. 헌터증후군은 남아 15만여 명 중 1명의 비율로 발생한다. 이 때문에 중국 국가의약품감독관리국은 지난해 희귀질환 관리 목록에 헌터증후군을 포함해 관리하고 있다. 허은철 GC녹십자 사장은 “이번 허가 신청은 중국 내 헌터증후군 환자 치료를 위한 첫걸음을 내디뎠다는 점에서 의미가 크다”며 “전 세계 헌터증후군 환자에게 새로운 치료 환경을 제공하기 위한 혁신을 이어갈 것”이라고 말했다./우영탁기자 tak@sedaily.com[서울경제 바로가기]▶ 텔레그램으로 서울경제 구독하기  | ▶ 네이버TV로 서울경제썸 구독하기▶ 네이버 메인에서 'No. 1 뉴스' 서울경제를 만나보세요저작권자 ⓒ 서울경제, 무단 전재 및 재배포 금지"
"과학","한국원자력의학원, 국내 의료방사선 장비 측정 감사","파이낸셜뉴스네이버","2019.07.30. 오전 10:13","2019.07.30. 오전 10:13","// flash 오류를 우회하기 위한 함수 추가function _flash_removeCallback() {} 한국원자력의학원은 국제원자력기구(IAEA)에서 운영하는 의료 방사선 선량 측정 감사 네트워크(DAN)에 국내 대표기관으로 선정돼 8월부터 활동에 들어간다.  의료 방사선 선량 측정 감사 네트워크(DAN)는 국제원자력기구에서 의료 방사선의 품질 보증 강화를 위해 운영하는 국제 네트워크로 환자 치료에 사용되는 의료 방사선 장비의 정확도를 정기적으로 측정 감사하고, 선량 측정법 개발, 선량 교차측정 등의 활동을 한다.  기존에는 방사선 측정 표준을 갖추고 의료방사선 분야 선량 측정 감사를 수행하고 있는 34개국의 41개 기관이 네트워크를 구축하고, 매년 IAEA에서 수행하는 기관 간 선량측정 비교시험에 참여해왔다.  한국원자력의학원은 지난 2017년 한국인정기구(KOLAS)로부터 방사선 분야 국제공인교정기관으로 지정받아 2018년까지 국내 94개 의료기관에서 운영 중인 183기의 방사선 치료 장비의 선량 및 정확도를 측정, 평가해오고 있다. 올해는 방사선 특수 치료 장비인 토모테라피와 사이버나이프 장비의 선량 측정 감사를 수행 중이다.  김미숙 한국원자력의학원장은 ""이번 선정은 국내 방사선 치료 장비 선량 측정 감사의 수행성과를 세계적으로 공인받은 것""이라며, ""의학원의 방사선 정밀 측정기술로 우리 국민들이 보다 안전하게 방사선 의료 서비스를 받을 수 있기를 바란다""고 밝혔다.   monarch@fnnews.com 김만기 기자   ▶ 헉! 소리나는 스!토리 뉴스 [헉스]▶ 클릭해, 뉴스 들어간다 [뉴스쿨] ▶ 세상에 이런일이 [fn파스]  ※ 저작권자 ⓒ 파이낸셜뉴스. 무단 전재-재배포 금지"
"과학","한국콜마, 마스크팩 공장·바이오 사업체 잇따라 인수(종합)","연합뉴스네이버","2019.07.30. 오전 10:10","2019.07.30. 오전 10:10","// flash 오류를 우회하기 위한 함수 추가function _flash_removeCallback() {}제이준코스메틱 인천공장·티케이엠 인수로 몸집 불려(서울=연합뉴스) 김보경 곽민서 기자 = 화장품·의약품·건강기능식품업체 한국콜마홀딩스(한국콜마)가 마스크 팩 공장과 바이오 의약품 회사를 잇달아 인수하며 몸집 불리기에 나섰다.    한국콜마는 30일 자회사인 마스크 팩 전문업체 콜마스크가 제이준코스메틱 인천공장을 인수한 데 이어 대한제당의 바이오의약품 계열사인 티케이엠의 경영권도 확보했다고 밝혔다.     한국콜마홀딩스가 인수한 제이준코스메틱 인천공장은 연면적 1만4천231㎡(4천305평) 규모로, 연간 마스크팩 2억5천만 장을 생산할 수 있는 능력을 갖췄다.    이번 인수로 콜마스크의 생산량은 연간 4억장으로 늘어나고, 제이준코스메틱이 보유한 중국 유통라인을 활용할 수 있게 됐다고 한국콜마는 설명했다.     아울러 한국콜마는 바이오 의약품 업체 티케이엠의 유상증자에 참여해 지분 57%를 확보하고, 1대 주주로서 경영권을 양수했다고 덧붙였다.    티케이엠은 2002년 대한제당의 바이오 사업 부문으로 시작해 지난 3월 별도 법인으로 독립했다. 신성 빈혈치료제인 EPO(적혈구 생성 인자) 제제의 제조·판매를 주요 사업으로 하고 있다.    대한제당도 바이오 사업 경쟁력 강화를 위해 한국콜마와 합작법인을 설립한다고 이날 공시했다.    한국콜마 관계자는 ""이번 투자로 세계 1위 마스크 팩 제조사로 도약할 수 있는 발판을 마련한 데 이어 바이오 의약품 사업도 확장하게 됐다""고 말했다.한국콜마[한국콜마 제공]    mskwak@yna.co.kr▶확 달라진 연합뉴스 웹을 만나보세요▶네이버 [연합뉴스] 채널 구독   ▶뭐 하고 놀까? #흥"
"과학","원자력硏, 폐 원자로 속 금속산화물 구조 규명","조선비즈네이버","2019.07.30. 오전 9:57","2019.07.30. 오전 10:03","// flash 오류를 우회하기 위한 함수 추가function _flash_removeCallback() {}한국원자력연구원은 임상호·이정묵 방사화학연구실 박사팀이 우라늄과 지르코늄의 합성 산화물의 구조를 규명해 폐 원자로에서 발생하는 금속 산화물을 특징을 밝히는 데 성공했다고 30일 밝혔다.임상호·이정묵 한국원자력연구원 박사팀이 라만분광법을 통해 발견한 ‘우라늄-지르코늄’ 산화물의 구조. /한국원자력연구원 제공원자로가 수명이 다하게 되면 원자로 내벽에 다수의 금속 용융물이 남게 된다. 원전 가동으로 발생하는 고온의 열에 의해 원자로를 구성하는 핵연료와 피복관, 금속 구조재가 서로 녹아든 결과다.이 금속 용융물의 특성을 파악하는 것은 곧 안전한 원자로 해체 공정의 출발점이다. 이번 연구는 방사성 물질인 우라늄과 지르코늄이 합성됐을 때 나타나는 폐 원자로의 유해성을 밝힌 것으로 평가된다.원자력연구원과 한병찬 연세대학교 연구팀은 폐 원자로 내에서 나올 것으로 예상되는 우라늄과 지르코늄 산화물을 인위적으로 만들고 라만분광법을 이용해 구조를 밝혀냈다. 라만 분광법은 레이저를 물질 구성 분자에 쏜 후 산란된 빛의 진동영역을 측정해 분자의 세부 구조를 연구하는 기법이다.측정 결과, 우라늄-지르코늄 산화물은 지르코늄 원자 1개 당 8개의 산소 원자가 결합된 구조적 특성을 갖는 것으로 나타났다. 이는 원자로 중대사고 발생 시 원자로 속 환경을 파악하는 단초다.임상호 박사는 ""아직까지 중대사고 원자로에 생성되는 용융물에 대한 기초 정보가 부족하다""면서 ""이번 연구를 통해 전 세계적으로 후속 조치를 논의 중인 후쿠시마 원전을 비롯한 중대사고 원자로 용융물 케이스에 대한 정보 획득의 전기를 마련했다""고 말했다.한편, 연구 결과는 원자력분야 최고 학술지인 ‘인터내셔널 저널 오브 에너지 리서치 (International Journal of Energy Research)’ 6월 25일자에 표지논문으로 실렸다.[김태환 기자 topen@chosunbiz.com]chosunbiz.com"
"과학","[아하! 우주] 차세대 화성 탐사로보 마스 2020 ‘원자력 심장’ 탑재하다","서울신문네이버","2019.07.30. 오전 9:46","2019.07.30. 오전 9:46","// flash 오류를 우회하기 위한 함수 추가function _flash_removeCallback() {}[서울신문 나우뉴스]마스 2020의 그래픽 이미지. 출처=NASA/JPL-Caltech 오는 2020년 7월 발사되어 2021년 2월 18일 화성에 착륙할 미 항공우주국(NASA)의 차세대 로버인 '마스 2020'(Mars 2020)에 플루토늄&#8211;238 핵연료 주입이 시작됐다. NASA의 초기 화성 로버들은 태양 전지를 사용했지만, 덩치가 커진 큐리오시티 로버부터는 태양광 전지만으로는 충분한 동력을 제공할 수 없어 원자력 전지인 MMRTG(Multi-Mission Radioisotope Thermoelectric Generator, 다중 임무 방사성 동위원소 열전기 발전기)를 사용한다. 원자력 전지 탑재는 마스 2020의 조립이 최종 단계에 이르렀다는 이야기다.마스 2020 로버는 무게 1,050㎏에 길이 3m, 너비 2.7, 높이 2.2m로 무게 899㎏인 큐리오시티 로버의 업그레이드 버전이지만, 원자력 전지는 큐리오시티와 같은 것을 사용한다. MMRTG는 방사성 동위원소가 내놓는 열에너지를 바로 전기로 바꾸는 방식으로 효율은 낮지만, 구조가 매우 단순하고 내구성이 우수하며 크기가 작아 우주선에 널리 사용된다.MMRTG가 보이는 방향(사진 가운데에서 약간 오른쪽)에서 찍은 마스 2020 로버. 출처=NASA/JPL-Caltech큐리오시티와 마스 2020 로버에 탑재된 MMRTG는 무게가 45㎏이며 핵연료인 산화 플루토늄의 무게는 4.8㎏이다. 이 방사성 동위원소는 110W의 전기와 2000W의 열에너지를 꾸준히 생산해 로버가 필요한 동력과 열에너지를 제공한다. 전기 에너지는 두 개의 리튬 이온 배터리에 저장되어 로버가 움직이지 않는 순간에도 귀중한 에너지를 저장해 동력원으로 사용할 수 있다. 2000W의 열에너지는 로버 내부의 컴퓨터를 비롯한 중요 장비가 화성의 낮은 기온에 손상되지 않도록 보온하는 데 사용된다. 이를 위해 MMRTG에는 열교환 장치가 탑재되어 있다.MMRTG는 2012년 화성에 착륙해 지금까지 활약하고 있는 큐리오시티 로버를 통해 그 성능을 입증했다. 참고로 설계 수명은 14년으로 다른 부분이 고장 나지 않는 이상 앞으로 7년 이상 임무를 수행할 수 있다. 마스 2020 로버 역시 마찬가지로 장시간 임무 수행이 가능할 것이다. 마스 2020 로버가 수집한 정보는 화성의 비밀을 풀어내는 것은 물론 화성 유인 탐사에 필요한 정보를 제공할 것이다.고든 정 칼럼니스트 jjy0501@naver.com　★ [나우뉴스에서 '일본 통신원'을 모집합니다] ▶ [네이버에서 서울신문 구독] [우주 소식 네이버 밴드로 보세요!]ⓒ 서울신문(www.seoul.co.kr), 무단전재 및 재배포금지"
"과학","日, 2023년 인도와 공동 달 탐사 나선다","연합뉴스네이버","2019.07.30. 오전 9:08","2019.07.30. 오전 9:08","// flash 오류를 우회하기 위한 함수 추가function _flash_removeCallback() {}(도쿄=연합뉴스) 박세진 특파원 = 일본이 이르면 오는 2023년쯤 인도와 공동으로 달 남극에서 무인 착륙 탐사에 도전한다.    30일 요미우리신문에 따르면 일본 우주항공연구개발기구(JAXA)는 인도 우주연구기구(ISRO)와 달 탐사 프로젝트의 공동 추진 방안을 협의하고 있다.    양측 간의 협의는 상당히 진척돼 일본은 국가우주정책위원회 등의 검토를 거쳐 조만간 인도와의 달 탐사 계획을 확정할 예정이다.    아베 신조(安倍晋三) 총리가 이끄는 일본 정부 우주개발전략본부는 지난달 우주기본계획 추진 일정을 연내 개정하기로 했다.    새 추진 일정에는 일본과 인도 양국 간 협력을 통한 달 극지방 착륙 탐사가 핵심 과제로 포함될 예정이다.    일본 정부 계획상으로는 로켓 발사와 달 탐사선 개발은 일본이 맡고 인도는 착륙선을 개발한다.     두 나라는 2023년쯤 일본이 개발 중인 대형 로켓 'H3'로 탐사차를 탑재한 무인착륙선을 쏘아 올릴 예정이다.    착륙선은 물이 있을 것으로 추정되는 달 남극 지대에서 분석 장치를 이용해 물 검출을 시도하게 된다.    요미우리는 일본 정부가 달 탐사 협력 파트너로 인도를 선택한 것은 ""달에서 물 존재를 빨리 확인하고 우주 개발에서 일본의 존재감을 높이려는 목적이 있다""고 분석했다.    이 신문은 또 일본 정부는 미국 달 탐사 계획에도 참여할 계획이지만 대등한 관계가 아니어서 공동탐사를 하고도 충분한 정보를 공유할 수 없다는 우려가 반영된 것이라고 지적했다.일본·인도 달 탐사 계획(PG) [JAXA 제공 이미지로 요미우리신문 제작, 지면 캡처]인도는 이미 우주개발 경쟁에서 경쟁력을 입증하고 있다.    인도는 지난 22일 두 번째 무인 달 탐사선 '찬드라얀 2호'를 발사해 남극 부근의 착륙을 목표로 하고 있다.     일본도 2021년 독자적인 무인 달 착륙선인 '슬림'(SLIM)을 쏘아 올릴 계획이다.     일본 정부는 인도와 협력하면 미국이나 중국 등 다른 나라보다 먼저 달에서 물을 발견할 수 있을 것으로 예상하고 있다.    달은 반지름이 약 1천700㎞로 지구의 약 4분의 1이다.    최근 인도와 미국의 무인 달 탐사를 통해 남극과 북극에 얼음 상태의 물이 존재할 것이라는 기대가 커지고 있다.    달에서 물 채취에 성공하면 식수 이용은 물론이고 수소와 산소로 분해해 로켓 연료로 활용할 수 있어 달은 미래 우주 개발의 거점이 될 수 있다.    이런 배경에서 각국은 경쟁적으로 달 탐사에 나서고 있다. 미 항공우주국(NASA)은 아폴로 계획 이후의 첫 유인 달 탐사 프로젝트(아르테미스)를 통해 2024년까지 달 남극에 우주비행사를 보낸다는 계획을 세워 놓고 있다.    또 중국은 2020년 이후 달 북극 지역으로 무인탐사선을 보내 암석을 채취하는 프로젝트를 추진하고 있다.    호시노 겐(星野健) JAXA 기술주간은 요미우리에 ""달에 물이 존재하는 것을 세계 최초로 확인하고 싶다""며 ""달에서 물이 발견되면 인류의 활동 영역이 넓어지게 될 것""이라고 말했다.지난 22일 인도 사티시 다완 우주센터에서 무인 달 탐사선 찬드라얀 2호를 탑재한 로켓이 발사되고 있다. 2008년 찬드라얀 1호에 이은 인도의 두 번째 달 탐사선인 찬드라얀 2호는 궤도선, 착륙선, 탐사 장비로 이뤄졌다. [EPA=연합뉴스)    parksj@yna.co.kr▶확 달라진 연합뉴스 웹을 만나보세요▶네이버 [연합뉴스] 채널 구독   ▶뭐 하고 놀까? #흥"
"과학","카카오벤처스, 영상통화 플랫폼 웨이브에 투자","조선비즈네이버","2019.07.30. 오전 8:36","2019.07.30. 오전 8:36","// flash 오류를 우회하기 위한 함수 추가function _flash_removeCallback() {}카카오벤처스는 영상통화 기반 콘텐츠 플랫폼 웨이브를 운영하는 웨이브코퍼레이션에 투자했다고 30일 밝혔다.모바일 소통 플랫폼 웨이브가 카카오벤처스로부터 투자를 받았다. /카카오벤처스 제공웨이브는 영상통화에 게임 등 콘텐츠를 결합한 모바일 소통 플랫폼이다. TBT, SV인베스트먼트, 스파크랩벤처스가 웨이브에 공동 투자했으며 투자액은 비공개인 것으로 알려졌다.정신아 카카오벤처스 대표는 ""앞으로 웨이브가 전세계 사용자들을 가장 재밌고 편하게 연결하는 데 주도하는 플랫폼이 되기를 기대한다""고 말했다.[안별 기자 ahnbyeol@chosunbiz.com]chosunbiz.com"
"과학","[굿모닝 사이언스]냄새로 농작물 병해를 즉석에서 확인한다","파이낸셜뉴스네이버","2019.07.30. 오전 7:01","2019.07.30. 오전 7:01","// flash 오류를 우회하기 위한 함수 추가function _flash_removeCallback() {}                          노스캐롤라이나 주립대학의 연구원들이 농부들을 위해 병든 농작물을 확인할 수 있는 휴대용 기기를 개발했다고 30일 밝혔다. 스마트폰에 연결하는 휴대용 기기는 식물이 잎을 통해 배출하는 공기중 휘발성 유기화합물(VOC)을 샘플링해 작동한다. 노스캐롤라이나 주립대학 제공          과학자들이 농작물 특유의 냄새를 이용해 병해가 있는지 없는지 즉석에서 확인할 수 있는 휴대용 기기를 개발했다.  노스캐롤라이나 주립대학의 연구원들이 농부들을 위해 병든 농작물을 확인할 수 있는 휴대용 기기를 개발했다고 30일 밝혔다. 스마트폰에 연결하는 휴대용 기기는 식물이 잎을 통해 배출하는 공기중 휘발성 유기화합물(VOC)을 샘플링해 작동한다.  이 휴대용 기기는 조만간 농부들이 영농현장에서 사용 가능할 것으로 보인다. 이 연구성과는 29일(현지시간) 네이처 플랜트에 개재됐다.  이 연구의 논문 저자인 화학 및 생체분자공학 부교수인 칭산 웨이는 ""모든 식물은 호흡하면서 휘발성 유기화합물(VOC)을 방출하지만, 식물이 병에 걸리면 그 종류와 농도가 변한다""고 말했다. 각각의 질병은 휘발성 유기화합물의 고유한 특성을 가지고 있다. 그래서 식물에 의해 방출되는 휘발성 유기화합물의 종류와 농도를 측정함으로써 식물이 병에 걸렸는지, 어떤 병에 걸렸는지를 판단할 수 있다.  노스 캐롤라이나주 신생 식물 질병 및 세계식품안전 클러스터의 교수이기도 한 웨이는 ""여기서 우리의 공헌은 스마트폰에 연결해 현장에서 VOC 측정을 신속하게 하는 데 사용할 수 있는 장치를 만든 것""이라고 말했다.  현재 질병 확인 검사 기술은 분자 분석에 의존하고 있는데, 이 분자 분석은 몇 시간이 걸리고 가장 중요한 것은 실험실에서 이뤄져야 한다는 것이다. 샘플을 실험실로 가져가면 질병을 확인하는 분석이 다른 검사들 때문에 기다려야 할 경우 며칠 또는 몇 주까지 늦춰질 수도 있다.  이 논문의 공동저자인 노스캐롤라이나주립대학 식물병리학 윌리엄 닐 레이놀즈 교수는 ""우리의 기술은 농부들이 질병을 더 빨리 식별하도록 도와 농작물 질병의 확산과 관련된 피해를 줄일 수 있다""고 말했다.                            농작물 병해 판별기는 식물이 내뿜는 휘발성 유기화합물을 종이 시험지에 노출시켜 농작물의 질병 유무를 확인할 수 있다. 이 종이 시험지에는 특정 화학 물질과 접촉할 때 색이 변하는 화학 시약이 여러 개 들어 있다. 종이 시험지에 나타나는 색상 패턴을 보고 농작물의 질병이 어떤 것인지 확인할 수 있다. 노스캐롤라이나 주립대학 제공          이 기술의 작동 방식을 살펴보면, 농부가 농작물이 병에 걸렸을지 의심이 들면 작물의 잎을 떼어내 시험관에 넣는다. 그런 다음 잎에서 나오는 휘발성 유기화합물(VOC)이 축적될 수 있도록 시험관을 최소 15분간 감싼다. 이후 시험관 캡을 제거하고 좁은 플라스틱 튜브를 이용해 휘발성 유기화합물(VOC)이 가득 찬 공기를 스마트폰에 연결된 판별 장치에 펌핑한다.  공기는 종이 시험지가 들어있는 판독기의 밀폐공간으로 보낸다. 종이는 특정 화학 물질과 접촉할때 식이 변하는 화학 시약이 내장돼 있다. 종이 시험지에 나타난 색상 패턴을 보고 농작물이 어떤 질병에 걸렸는지 확인할 수 있다.  노스캐롤라이나 주립대학의 박사후 연구원이자 이 논문의 첫 번째 저자인 정 리는 ""이 기술이 작동하기 위해서는 종이 스트립에 내장될 수 있는 시약을 개발해야 했다""고 말했다. 시약의 절반가량은 기존 유기 염료, 나머지 절반은 특정 화학 그룹에 반응하도록 기능화된 금 나노입자로 구성해 다양한 종류의 VOC를 더 정밀하게 검출할 수 있게 만들었다.  웨이 교수는 ""아직까지 시장에 이런 판독기가 없기때문에 우리가 독자적으로 설계하고 만들어야 했다""고 말했다.  연구원들은 이 검사 기술을 입증하기 위한 테스트에서 10개의 식물의 휘발성 유기화합물을 감지하고 백만분의 1 수준으로 분류하는 장치의 능력을 입증했다. 연구원들은 토마토 식물이 병원균을 접종한 지 이틀 만에 아일랜드 기근을 일으킨 잎마름병 병원균을 검출할 수 있었다. 연구자들은 또한 토마토 잎마름병과 토마토 잎에 비슷한 증상을 보이는 다른 두 가지 중요한 곰팡이 병원균을 구별할 수 있었다. 게다가, 연구원들은 95% 이상의 정확도로 토마토 잎에서 역병을 일으키는 피토프토라 사상균을 검출할 수 있다는 것을 보여줬다.  웨이 교수는 상용화를 위한 남은 두가지 과제에 대해 설명했다. 그는 ""우선, 스마트폰 앱을 이용한 패턴 분석을 자동화해 농부들이 농작물 질병을 쉽게 알 수 있도록 하고 싶고, 특정 작물에 특정한 다른 질병과 관련된 VOC를 측정하도록 설계된 맞춤형 판독기 개발을 계획하고 있다.""고 말했다.   monarch@fnnews.com 김만기 기자   ▶ 헉! 소리나는 스!토리 뉴스 [헉스]▶ 클릭해, 뉴스 들어간다 [뉴스쿨] ▶ 세상에 이런일이 [fn파스]  ※ 저작권자 ⓒ 파이낸셜뉴스. 무단 전재-재배포 금지"
"과학","[과학을읽다]자동차 유리 '검은 테두리'의 비밀","아시아경제네이버","2019.07.30. 오전 6:30","2019.07.30. 오전 6:45","// flash 오류를 우회하기 위한 함수 추가function _flash_removeCallback() {}요즘은 다양한 모양의 '프릿'을 통해 자동차 제조사가 생산한 차량의 정체성을 표시하기도 합니다. [사진=유튜브 화면캡처][아시아경제 김종화 기자]자동차의 유리는 자외선 차단은 기본이고 방호, 밀봉, 보온, 투시, 열안정 등 다양한 기능을 갖춰야 합니다. 그래서 일반유리보다 더 두텁고 튼튼한 접합유리나 강화유리를 사용합니다.그런데 이 자동차 유리의 가장자리는 검은 물방울 무늬로 테두리가 장식돼 있습니다. 운전할 때 '이 검은 물방울 테두리 부분을 없애면 시야가 더 넓어지지 않을까'라는 생각해보신 적 없으신가요? 그러나 이 무늬는 차종을 가리지 않고 모든 차량 유리의 가장자리에는 의무적으로 검게 도색돼 있습니다.모든 자동차의 유리가 검은 물방울 무늬가 아닌 세모나 네모꼴의 무늬일 수도 있지만 색깔은 검은색이 분명하고, 대부분은 검은 물방울 무늬로 장식돼 있습니다. 이 무늬를 '프릿(frit)'이라고 합니다. 이 프릿의 역할은 무엇일까요?프릿의 가장 큰 역할은 '접착력 유지'입니다. 자동차 유리를 고정시키는 접착제가 접착력을 유지할 수 있게 도와주는 것입니다. 자동차 제조사들이 유리를 오래 고정시키기 위해 접착제를 보호하고 접착력을 유지하기 위해 개발한 방법이라고 할 수 있습니다.수리를 위해 떼낸 자동차 앞유리. 가장자리의 까만 테두리 부분이 '프릿'입니다. [사진=유튜브 화면캡처]유리를 차체에 접합하기 위해서는 유리 표면이 매끄러우면 잘 붙지 않습니다. 그래서 유리 표면의 가장자리에 액상 세라믹 도료를 칠한 후 벗겨지는 것을 막기위해 열처리하고 강화한 것이 바로 프릿입니다. 직사광선에 계속 노출되더라도 접착력을 유지시켜 줍니다.자동차 유리가 직사광선에 계속해서 노출되면 유리 가장자리의 프릿 부분이 가장 열을 많이 받습니다. 그러면 뜨거워진 온도로 프릿의 모양이 변할 수 있겠지요? 이를 방지해주는 것이 프릿의 물방물 무늬입니다. 서로 간격을 두고 떨어져 열을 분산시키는 것입니다. 또 자외선도 97%까지 차단해 눈부심을 줄여 줍니다.룸미러와 블랙박스가 설치된 앞유리의 중앙 부분은 프릿이 다른 곳보다 넓습니다. 운전석과 조수석은 선바이저가 있어 햇빛을 막아주고, 중앙 부분은 이 프릿이 선바이저의 역할을 대신하는 것입니다.즉, 프릿이 운전자의 눈을 보호해주고 자외선으로부터 블랙박스를 보호하는 임무도 수행하는 것입니다. 프릿이 없이 직사광선을 지속해서 받은 블랙박스는 과열로 작동 불능이 될 가능성이 높습니다.다양해진 '프릿'의 모양. [사진=유튜브 화면캡처]미적 기능도 무시할 수는 없습니다. 점진적으로 작아지거나 커지는 무늬로 장식된 프릿은 시각적 안정감도 주는데 요즘은 독특한 모양의 프릿이 눈길을 사로잡기도 합니다.Jeep은 짚 최초의 모델인 'Willys MB'의 모양을 프릿에 추가하는 것은 물론 뱀 모양, 사람 모양 등 다양한 무늬로 프릿을 장식해 재미를 더해주기도 합니다. 어떤 차량은 라이온킹의 심바 부자를 그려 넣는 등 프릿을 활용한 독특한 패턴이나 디자인이 자사 모델의 정체성을 강조하고 있습니다. 프릿은 승용차뿐 아니라 버스나 지하철의 창문에서도 발견할 수 있고, 일반 건물의 접착식 창문에서도 볼 수 있습니다. 첨단 과학의 총아라 할 수 있는 자동차에 이유 없는 장치가 있을리 없겠지요? 물방울 무늬 하나도 제 역할을 다하고 있습니다.김종화 기자 justin@asiae.co.kr▶ 영상 보고 #애플워치 #마샬 스피커  Get!▶ 경제 감각을 키우고 싶다면? ▶ 재미와 지식이 가득한 '과학을읽다'<ⓒ경제를 보는 눈, 세계를 보는 창 아시아경제 무단전재 배포금지>"
